Player,Pos,Age,Tm,G,GS,MP,FG,FGA,FT,FTA,3P,3PA,2P,2PA,ORB,DRB,TRB,AST,STL,BLK,TOV,PF,PTS
Precious Achiuwa,PF,21,MIA,61,4,737,6.1,11.1,2.7,5.4,0.0,0.0,6.1,11.1,3.6,6.6,10.2,1.4,1.0,1.4,2.1,4.4,14.8
Jaylen Adams,PG,24,MIL,7,0,18,2.0,16.0,0.0,0.0,0.0,4.0,2.0,12.0,0.0,6.0,6.0,4.0,0.0,0.0,0.0,2.0,4.0
Steven Adams,C,27,NOP,58,58,1605,4.2,6.9,1.3,3.0,0.0,0.1,4.2,6.8,4.8,6.8,11.5,2.5,1.2,0.9,1.7,2.5,9.8
Bam Adebayo,C,23,MIA,64,64,2143,7.7,13.4,4.8,5.9,0.0,0.1,7.6,13.3,2.4,7.2,9.6,5.8,1.3,1.1,2.8,2.4,20.1
LaMarcus Aldridge,C,35,TOT,26,23,674,7.5,15.8,2.2,2.5,1.7,4.3,5.8,11.5,1.0,5.3,6.3,2.6,0.6,1.5,1.4,2.5,18.8
LaMarcus Aldridge,C,35,SAS,21,18,544,7.6,16.4,2.1,2.4,1.8,5.0,5.8,11.4,1.1,5.1,6.2,2.4,0.5,1.2,1.3,2.4,19.1
LaMarcus Aldridge,C,35,BRK,5,5,130,6.9,13.3,2.8,2.8,1.1,1.4,5.8,11.9,0.6,6.1,6.6,3.6,0.8,3.0,1.9,3.0,17.7
Ty-Shon Alexander,SG,22,PHO,15,0,47,2.3,9.2,0.8,1.5,1.5,6.9,0.8,2.3,1.5,6.1,7.7,4.6,0.0,0.8,2.3,1.5,6.9
Nickeil Alexander-Walker,SG,22,NOP,46,13,1007,6.9,16.4,1.7,2.4,2.7,7.8,4.1,8.5,0.5,4.7,5.1,3.6,1.7,0.8,2.5,3.1,18.2
Grayson Allen,SG,25,MEM,50,38,1259,4.9,11.8,2.3,2.6,3.1,7.8,1.9,4.0,0.5,4.0,4.6,3.1,1.3,0.2,1.4,2.0,15.2
Jarrett Allen,C,22,TOT,63,45,1864,5.8,9.3,3.9,5.6,0.1,0.4,5.6,8.9,3.8,8.4,12.2,2.0,0.6,1.7,1.9,1.9,15.6
Jarrett Allen,C,22,BRK,12,5,320,5.0,7.3,5.2,6.9,0.0,0.0,5.0,7.3,4.3,9.8,14.1,2.3,0.8,2.1,2.5,2.4,15.1
Jarrett Allen,C,22,CLE,51,40,1544,5.9,9.7,3.7,5.3,0.1,0.4,5.8,9.3,3.7,8.1,11.8,2.0,0.6,1.7,1.8,1.7,15.7
Al-Farouq Aminu,PF,30,TOT,23,14,434,3.2,8.2,1.5,1.8,0.7,3.1,2.5,5.1,1.8,7.3,9.1,2.6,1.6,0.7,2.3,2.4,8.5
Al-Farouq Aminu,PF,30,ORL,17,14,367,3.5,8.7,1.4,1.7,0.7,3.0,2.8,5.7,2.0,7.0,8.9,2.8,1.7,0.9,2.5,2.2,9.1
Al-Farouq Aminu,PF,30,CHI,6,0,67,1.1,5.4,2.1,2.7,0.5,3.2,0.5,2.1,1.1,9.1,10.2,1.1,1.1,0.0,1.6,3.8,4.8
Kyle Anderson,PF,27,MEM,69,69,1887,5.9,12.6,2.7,3.5,1.8,5.0,4.1,7.6,1.0,6.6,7.6,4.8,1.6,1.1,1.6,2.3,16.3
Giannis Antetokounmpo,PF,26,MIL,61,61,2013,11.2,19.7,7.1,10.4,1.2,4.0,10.0,15.7,1.7,10.3,12.0,6.4,1.3,1.3,3.7,3.0,30.7
Kostas Antetokounmpo,PF,23,LAL,15,0,56,1.9,6.4,3.9,8.4,0.0,0.0,1.9,6.4,2.6,9.6,12.2,0.6,1.3,2.6,7.1,5.1,7.7
Thanasis Antetokounmpo,SF,28,MIL,57,3,551,4.4,9.0,1.6,3.2,0.5,1.9,3.9,7.1,3.5,4.6,8.1,3.0,1.4,0.7,2.8,4.8,10.8
Carmelo Anthony,PF,36,POR,69,3,1690,7.0,16.6,2.9,3.3,2.8,6.9,4.1,9.6,0.7,3.9,4.6,2.2,1.0,0.8,1.3,3.1,19.7
Cole Anthony,PG,20,ORL,47,34,1273,6.2,15.6,3.1,3.7,1.6,4.9,4.6,10.7,1.1,5.2,6.2,5.4,0.8,0.5,3.0,2.8,17.1
OG Anunoby,SF,23,TOR,43,43,1433,6.3,13.0,2.0,2.6,2.6,6.6,3.6,6.5,1.4,4.6,6.0,2.4,1.7,0.8,1.9,2.9,17.1
Ryan Arcidiacono,PG,26,CHI,44,0,450,3.9,9.4,1.0,1.6,2.0,5.4,1.9,4.0,0.4,5.0,5.4,4.5,0.7,0.0,0.8,3.8,10.9
Trevor Ariza,SF,35,MIA,30,27,841,4.2,10.3,1.5,1.9,2.1,6.1,2.1,4.2,1.2,5.0,6.2,2.4,1.3,0.8,0.9,2.4,12.1
D.J. Augustin,PG,33,TOT,57,12,1129,4.3,10.9,2.7,3.0,2.6,6.9,1.7,4.0,0.6,2.4,3.0,6.0,0.9,0.0,2.1,1.8,14.0
D.J. Augustin,PG,33,MIL,37,6,713,3.6,9.7,1.8,2.0,2.5,6.5,1.1,3.2,0.6,2.0,2.5,5.6,1.0,0.1,1.7,1.7,11.5
D.J. Augustin,PG,33,HOU,20,6,416,5.5,13.1,4.2,4.7,2.9,7.6,2.6,5.5,0.8,3.0,3.8,6.8,0.7,0.0,2.7,2.0,18.3
,,,,,,,,,,,,,,,,,,,,,,,
Deni Avdija,SF,20,WAS,54,32,1257,3.7,8.9,0.8,1.3,1.5,4.8,2.2,4.1,0.6,6.9,7.5,1.8,0.9,0.4,0.9,4.0,9.8
Deandre Ayton,C,22,PHO,69,69,2115,7.3,11.7,2.3,2.9,0.1,0.3,7.3,11.4,3.9,8.5,12.4,1.7,0.7,1.4,1.8,3.3,17.0
Udoka Azubuike,C,21,UTA,15,0,57,2.5,5.7,5.1,6.3,0.0,0.0,2.5,5.7,2.5,5.7,8.2,0.0,0.6,2.5,1.9,5.7,10.1
Dwayne Bacon,SG,25,ORL,72,50,1853,5.7,14.1,2.8,3.4,1.1,4.0,4.5,10.1,0.6,3.7,4.4,1.8,0.9,0.1,0.9,2.0,15.3
Marvin Bagley III,PF,21,SAC,43,42,1112,8.0,15.9,2.5,4.3,1.2,3.5,6.8,12.4,3.4,6.9,10.3,1.4,0.7,0.7,1.9,3.2,19.7
LaMelo Ball,PG,19,CHO,51,31,1469,7.2,16.5,3.1,4.0,2.3,6.4,4.9,10.1,1.5,5.9,7.4,7.7,2.0,0.4,3.6,3.3,19.7
Lonzo Ball,PG,23,NOP,55,55,1747,6.0,14.4,1.0,1.3,3.5,9.4,2.4,5.0,0.7,4.7,5.4,6.5,1.7,0.6,2.5,2.1,16.5
Mo Bamba,C,22,ORL,46,5,725,7.1,14.9,2.2,3.3,1.9,5.9,5.2,9.1,3.8,9.4,13.2,1.7,0.7,2.9,1.8,4.3,18.2
Desmond Bane,SG,22,MEM,68,17,1519,5.5,11.8,0.9,1.2,2.8,6.4,2.8,5.4,0.7,4.2,5.0,2.8,1.0,0.4,1.4,3.0,14.8
Harrison Barnes,PF,28,SAC,58,58,2102,5.5,11.0,3.3,4.0,1.7,4.4,3.8,6.6,1.1,5.5,6.6,3.4,0.7,0.2,1.6,1.3,16.0
RJ Barrett,SG,20,NYK,72,72,2511,6.7,15.2,3.0,4.0,1.8,4.4,4.9,10.8,1.0,5.0,5.9,3.1,0.8,0.3,2.0,2.7,18.1
Will Barton,SF,30,DEN,56,52,1736,5.4,12.6,2.0,2.5,2.0,5.3,3.3,7.3,0.8,3.9,4.7,3.8,1.0,0.5,2.0,2.0,14.7
Keita Bates-Diop,SF,25,SAS,30,0,245,4.4,9.8,2.1,3.1,0.7,2.5,3.7,7.3,1.3,5.9,7.2,1.8,1.6,0.7,1.0,1.6,11.6
Nicolas Batum,SF,32,LAC,67,38,1835,3.7,8.1,0.9,1.1,2.2,5.3,1.6,2.7,1.0,5.2,6.2,2.9,1.4,0.7,1.0,2.0,10.6
Aron Baynes,C,34,TOR,53,31,980,4.9,11.2,1.1,1.5,1.0,3.8,3.9,7.4,3.2,6.8,10.0,1.7,0.6,0.8,1.7,4.4,11.9
Kent Bazemore,SF,31,GSW,67,18,1333,4.8,10.6,1.5,2.1,2.0,5.0,2.7,5.6,0.7,5.5,6.2,2.9,1.9,0.9,2.2,4.3,13.0
Darius Bazley,PF,20,OKC,55,55,1714,5.7,14.5,2.6,3.7,1.7,6.0,4.0,8.5,1.1,7.2,8.3,2.1,0.6,0.5,2.6,1.3,15.8
Bradley Beal,SG,27,WAS,60,60,2147,11.2,23.2,6.8,7.7,2.2,6.3,9.1,16.9,1.2,3.5,4.7,4.4,1.2,0.4,3.1,2.3,31.5
Malik Beasley,SG,24,MIN,37,36,1214,7.8,17.8,2.0,2.4,3.8,9.5,4.0,8.3,0.8,4.0,4.8,2.6,0.9,0.2,1.8,1.8,21.5
Jordan Bell,C,26,TOT,6,1,82,3.1,9.7,0.4,0.9,0.0,0.9,3.1,8.8,3.1,7.5,10.5,3.1,1.3,2.2,1.8,3.1,6.6
Jordan Bell,C,26,WAS,5,1,67,3.8,10.7,0.0,0.0,0.0,1.1,3.8,9.7,3.2,7.0,10.2,2.7,1.6,1.6,1.6,2.7,7.5
Jordan Bell,C,26,GSW,1,0,15,0.0,4.8,2.4,4.8,0.0,0.0,0.0,4.8,2.4,9.6,12.0,4.8,0.0,4.8,2.4,4.8,2.4
,,,,,,,,,,,,,,,,,,,,,,,
DeAndre' Bembry,SF,26,TOR,51,12,972,4.3,8.4,1.7,2.4,0.5,2.0,3.8,6.5,1.2,4.2,5.4,4.0,2.0,0.7,2.6,3.2,10.9
Dāvis Bertāns,PF,28,WAS,57,7,1464,4.7,11.8,2.5,2.8,4.2,10.5,0.6,1.2,0.4,3.7,4.1,1.2,0.8,0.3,0.8,3.3,16.1
Patrick Beverley,PG,32,LAC,37,34,832,4.0,9.5,1.6,1.9,2.4,6.1,1.6,3.4,1.3,3.9,5.1,3.3,1.3,1.2,1.5,4.7,12.0
Saddiq Bey,SF,21,DET,70,53,1909,5.3,13.0,2.3,2.8,3.3,8.7,2.0,4.4,0.8,5.2,6.0,1.8,1.0,0.3,1.1,2.1,16.2
Tyler Bey,SF,22,DAL,18,0,71,3.5,11.2,1.5,2.5,0.5,2.0,3.0,9.1,4.1,5.6,9.6,1.5,0.0,0.5,1.5,3.0,9.1
Khem Birch,C,28,TOT,67,22,1529,4.4,8.9,2.1,3.0,0.3,1.2,4.1,7.7,4.1,5.0,9.1,2.1,1.1,1.2,1.0,2.7,11.3
Khem Birch,C,28,ORL,48,5,952,3.6,7.9,2.4,3.2,0.2,0.8,3.4,7.1,4.4,4.8,9.2,2.0,1.2,1.1,0.9,2.5,9.6
Khem Birch,C,28,TOR,19,17,577,5.9,10.7,1.7,2.7,0.6,1.9,5.4,8.7,3.6,5.4,9.0,2.2,1.0,1.4,1.3,2.9,14.2
Goga Bitadze,C,21,IND,45,3,561,5.3,12.4,2.9,3.9,1.3,5.1,4.0,7.4,3.9,5.8,9.6,2.4,0.6,3.9,1.1,6.0,14.8
Bismack Biyombo,C,28,CHO,66,36,1349,3.8,6.5,1.3,2.8,0.0,0.0,3.8,6.4,3.7,5.6,9.3,2.2,0.5,2.0,1.9,3.8,8.8
Nemanja Bjelica,PF,32,TOT,37,3,595,5.4,11.9,2.2,3.1,1.6,5.1,3.8,6.7,1.8,5.9,7.7,4.2,0.9,0.3,2.0,4.1,14.6
Nemanja Bjelica,PF,32,SAC,26,1,439,5.7,12.3,2.6,3.4,1.4,4.8,4.3,7.5,2.0,6.2,8.2,4.0,0.7,0.2,2.3,3.9,15.3
Nemanja Bjelica,PF,32,MIA,11,2,156,4.6,10.6,1.2,2.1,2.3,6.2,2.3,4.4,1.2,5.1,6.2,4.6,1.6,0.7,1.2,4.6,12.7
Eric Bledsoe,SG,31,NOP,71,70,2111,5.2,12.4,2.3,3.3,2.1,6.1,3.2,6.4,0.5,3.7,4.2,4.6,0.9,0.4,1.9,1.9,14.8
Keljin Blevins,SF,25,POR,17,0,75,2.4,9.6,0.0,0.0,1.0,3.8,1.4,5.8,1.4,3.4,4.8,1.9,1.0,0.0,2.4,3.8,5.8
Bogdan Bogdanović,SG,28,ATL,44,27,1305,7.4,15.6,1.1,1.2,4.0,9.2,3.3,6.4,0.6,3.9,4.4,4.1,1.4,0.4,1.5,2.7,19.9
Bojan Bogdanović,SF,31,UTA,72,72,2216,6.6,15.0,3.8,4.3,2.9,7.5,3.7,7.5,0.6,3.9,4.6,2.2,0.7,0.1,2.1,1.9,19.9
Bol Bol,PF,21,DEN,32,2,160,5.6,13.1,2.3,3.4,2.0,5.4,3.6,7.7,0.0,5.4,5.4,1.6,0.7,2.3,2.9,3.2,15.5
Marques Bolden,C,22,CLE,6,0,29,1.2,3.7,6.2,9.9,0.0,0.0,1.2,3.7,3.7,3.7,7.4,0.0,2.5,2.5,2.5,0.0,8.7
Jordan Bone,PG,23,ORL,14,0,196,4.2,9.9,0.0,0.0,1.8,5.9,2.4,4.0,0.7,3.7,4.4,3.3,0.4,0.0,0.6,2.0,10.3
Isaac Bonga,SF,21,WAS,40,8,432,2.5,6.8,0.4,0.7,1.1,3.9,1.4,2.8,1.5,4.0,5.5,1.9,0.9,0.7,1.8,5.2,6.5
Devin Booker,SG,24,PHO,67,67,2270,9.9,20.4,5.4,6.2,2.0,5.9,7.9,14.5,0.5,3.9,4.5,4.6,0.8,0.3,3.3,2.9,27.2
Chris Boucher,C,28,TOR,60,14,1453,7.1,13.9,3.8,4.8,2.2,5.8,4.9,8.1,2.9,7.1,10.0,1.6,0.9,2.8,1.1,4.1,20.3
Brian Bowen,SF,22,IND,6,0,15,2.4,9.6,2.4,2.4,0.0,2.4,2.4,7.2,0.0,7.2,7.2,0.0,0.0,0.0,0.0,2.4,7.2
,,,,,,,,,,,,,,,,,,,,,,,
Avery Bradley,SG,30,TOT,27,6,602,3.8,10.2,0.7,0.9,2.0,6.0,1.9,4.2,0.5,2.9,3.4,2.8,1.3,0.2,1.7,3.3,10.3
Avery Bradley,SG,30,MIA,10,1,211,5.3,11.3,1.2,1.5,2.7,6.5,2.6,4.8,0.3,2.7,3.1,2.4,1.2,0.2,1.5,4.4,14.5
Avery Bradley,SG,30,HOU,17,5,391,3.0,9.7,0.5,0.6,1.6,5.8,1.5,3.9,0.6,3.0,3.6,2.9,1.3,0.2,1.7,2.7,8.1
Tony Bradley,C,23,TOT,42,8,684,6.9,10.4,2.0,2.9,0.0,0.2,6.9,10.2,4.5,8.1,12.6,1.9,0.8,1.6,1.7,3.2,15.8
Tony Bradley,C,23,PHI,20,8,287,6.4,9.4,0.9,1.4,0.0,0.1,6.4,9.3,4.9,8.2,13.0,2.1,0.8,1.6,0.8,3.5,13.7
Tony Bradley,C,23,OKC,22,0,397,7.3,11.1,2.8,4.0,0.0,0.2,7.3,10.9,4.2,8.1,12.2,1.8,0.8,1.5,2.4,3.0,17.3
Jarrell Brantley,PF,24,UTA,28,0,138,6.5,13.6,0.5,0.5,3.1,7.3,3.4,6.3,2.3,4.7,7.0,3.9,1.8,0.5,2.1,4.4,16.7
Ignas Brazdeikis,SF,22,TOT,13,0,249,5.1,12.0,1.4,2.0,1.6,4.0,3.5,8.0,1.6,4.9,6.5,2.5,0.6,0.4,1.7,3.2,13.2
Ignas Brazdeikis,SF,22,NYK,4,0,7,0.0,5.1,10.3,10.3,0.0,0.0,0.0,5.1,5.1,5.1,10.3,5.1,0.0,0.0,5.1,0.0,10.3
Ignas Brazdeikis,SF,22,PHI,1,0,8,0.0,13.5,0.0,0.0,0.0,4.5,0.0,9.0,0.0,9.0,9.0,0.0,0.0,0.0,0.0,0.0,0.0
Ignas Brazdeikis,SF,22,ORL,8,0,234,5.4,12.2,1.2,1.8,1.7,4.2,3.7,8.0,1.5,4.8,6.3,2.5,0.6,0.5,1.7,3.4,13.7
Mikal Bridges,SF,24,PHO,72,72,2348,5.6,10.3,1.7,2.0,2.1,4.8,3.5,5.4,1.2,3.6,4.7,2.3,1.2,1.0,0.9,1.8,14.9
Miles Bridges,PF,22,CHO,66,19,1932,5.8,11.6,1.8,2.1,2.2,5.4,3.7,6.2,1.5,5.9,7.4,2.7,0.8,1.0,2.0,2.7,15.7
Amida Brimah,C,26,IND,5,0,29,6.2,9.9,3.7,3.7,0.0,0.0,6.2,9.9,2.5,7.4,9.9,1.2,0.0,6.2,5.0,5.0,16.1
Oshae Brissett,SF,22,IND,21,16,519,5.1,10.5,3.5,4.5,2.3,5.4,2.8,5.1,2.0,6.0,8.0,1.2,1.3,1.4,0.7,2.2,15.9
Malcolm Brogdon,PG,28,IND,56,56,1930,8.3,18.3,2.9,3.3,2.7,7.0,5.6,11.3,1.1,4.4,5.5,6.1,0.9,0.3,2.1,2.1,22.1
Armoni Brooks,SG,22,HOU,20,5,520,5.4,13.3,0.5,0.8,4.2,10.9,1.2,2.4,0.7,4.0,4.7,2.1,0.8,0.3,1.5,2.4,15.4
Dillon Brooks,SF,25,MEM,67,67,1997,7.8,18.6,2.9,3.5,2.3,6.7,5.5,11.9,1.0,2.6,3.5,2.8,1.4,0.5,2.1,4.3,20.7
Bruce Brown,PG,24,BRK,65,37,1451,5.8,10.5,2.1,2.9,0.4,1.5,5.4,9.0,2.8,5.9,8.7,2.6,1.4,0.7,1.3,3.6,14.2
Charlie Brown,SG,23,OKC,9,1,152,3.1,10.2,2.1,2.4,1.2,5.0,1.9,5.2,0.7,3.3,4.0,2.1,0.9,0.5,1.4,4.5,9.5
Jaylen Brown,SG,24,BOS,58,58,1999,9.7,20.0,3.4,4.5,2.9,7.4,6.8,12.6,1.3,5.0,6.2,3.5,1.3,0.6,2.8,3.0,25.8
Moses Brown,C,21,OKC,43,32,920,5.7,10.5,3.1,4.9,0.0,0.0,5.7,10.5,6.0,9.0,15.0,0.4,1.2,1.8,1.7,3.6,14.5
Sterling Brown,SG,25,HOU,51,14,1229,4.4,9.8,0.7,0.9,2.7,6.3,1.7,3.5,1.1,5.4,6.6,2.1,1.1,0.4,1.2,2.8,12.2
Troy Brown Jr.,SF,21,TOT,34,0,524,4.3,9.9,1.0,1.4,1.5,4.8,2.7,5.1,1.4,5.8,7.2,2.0,0.7,0.4,1.4,3.4,11.1
Troy Brown Jr.,SF,21,WAS,21,0,287,4.1,11.2,1.3,1.9,1.8,5.8,2.4,5.4,1.4,6.3,7.7,2.4,0.4,0.5,2.0,3.6,11.3
Troy Brown Jr.,SF,21,CHI,13,0,237,4.4,8.4,0.8,0.9,1.2,3.6,3.2,4.7,1.4,5.3,6.7,1.5,1.1,0.3,0.8,3.0,10.8
Jalen Brunson,PG,24,DAL,68,12,1697,7.0,13.3,2.5,3.2,1.7,4.2,5.2,9.1,0.6,4.3,4.9,5.1,0.7,0.0,1.7,2.3,18.2
Elijah Bryant,SG,25,MIL,1,0,32,6.8,14.6,3.4,3.4,1.1,5.6,5.6,9.0,2.3,4.5,6.8,3.4,0.0,1.1,4.5,4.5,18.0
Thomas Bryant,C,23,WAS,10,10,271,7.8,12.1,2.1,3.2,1.2,2.8,6.6,9.3,2.4,5.7,8.1,2.0,0.5,1.1,1.5,4.1,19.0
,,,,,,,,,,,,,,,,,,,,,,,
Reggie Bullock,SF,29,NYK,65,64,1949,4.6,10.4,0.9,1.0,3.0,7.4,1.6,3.0,0.3,3.8,4.1,1.8,1.0,0.2,0.8,2.7,13.1
Trey Burke,PG,28,DAL,62,1,911,6.0,13.9,2.0,2.3,2.3,6.5,3.7,7.5,0.4,1.7,2.1,3.2,1.4,0.3,1.3,2.5,16.2
Alec Burks,SG,29,NYK,49,5,1255,6.0,14.3,2.9,3.4,2.9,7.1,3.1,7.3,0.6,5.9,6.5,3.1,0.9,0.4,1.4,2.9,17.9
Jimmy Butler,SF,31,MIA,52,52,1745,7.6,15.2,7.4,8.6,0.5,2.1,7.0,13.1,1.9,5.5,7.4,7.6,2.2,0.4,2.2,1.5,23.0
Bruno Caboclo,PF,25,HOU,6,0,36,8.0,17.0,1.0,2.0,0.0,5.0,8.0,12.0,3.0,11.0,14.0,1.0,0.0,2.0,4.0,6.0,17.0
Devontae Cacok,PF,24,LAL,20,1,98,6.2,10.7,1.8,4.0,0.0,0.0,6.2,10.7,4.4,7.3,11.8,0.4,1.8,1.5,1.8,2.9,14.3
Kentavious Caldwell-Pope,SG,27,LAL,67,67,1902,4.1,9.6,1.8,2.1,2.3,5.5,1.9,4.0,0.5,2.9,3.4,2.4,1.2,0.5,1.2,2.2,12.4
Facundo Campazzo,PG,29,DEN,65,19,1425,3.0,8.0,2.0,2.3,1.9,5.5,1.1,2.5,0.6,2.8,3.4,5.9,2.0,0.4,1.8,3.3,10.0
Vlatko Čančar,PF,23,DEN,41,1,281,4.2,9.2,1.3,1.7,1.2,4.2,3.1,5.0,1.4,5.0,6.4,1.8,1.4,0.3,1.8,2.3,10.9
Devin Cannady,PG,24,ORL,8,0,74,5.4,13.6,2.9,3.4,2.9,7.8,2.4,5.8,0.0,2.4,2.4,0.5,2.4,0.5,1.0,4.4,16.5
Clint Capela,C,26,ATL,63,63,1898,7.8,13.2,2.5,4.3,0.0,0.0,7.8,13.2,5.6,11.5,17.1,0.9,0.8,2.4,1.4,2.8,18.1
Vernon Carey Jr.,C,19,CHO,19,4,115,5.6,11.3,2.8,3.4,0.3,2.2,5.3,9.1,1.9,6.6,8.5,0.6,0.3,1.6,1.6,4.1,14.4
Jevon Carter,PG,25,PHO,60,1,717,4.7,11.2,0.2,0.4,2.8,7.6,1.9,3.6,0.8,3.8,4.6,3.6,1.5,0.5,0.8,2.8,12.5
Wendell Carter Jr.,C,21,TOT,54,44,1375,6.0,12.0,3.4,4.7,0.4,1.3,5.6,10.6,3.5,8.1,11.6,2.7,0.9,1.1,2.0,3.8,15.9
Wendell Carter Jr.,C,21,CHI,32,25,792,5.9,11.5,3.7,5.0,0.4,1.0,5.5,10.5,3.2,8.2,11.4,3.1,0.8,1.1,2.2,4.4,15.8
Wendell Carter Jr.,C,21,ORL,22,19,583,6.2,12.7,3.0,4.2,0.4,1.8,5.8,10.9,3.8,8.1,11.9,2.2,1.0,1.1,1.8,3.1,15.9
Michael Carter-Williams,SG,29,ORL,31,25,800,4.7,12.2,2.2,3.6,0.7,2.7,4.1,9.4,1.8,4.5,6.3,5.8,1.1,0.8,3.1,3.6,12.3
Alex Caruso,PG,26,LAL,58,6,1216,3.9,9.0,1.5,2.3,1.6,4.1,2.3,5.0,0.9,4.1,5.0,4.7,1.9,0.4,2.3,3.2,11.0
Willie Cauley-Stein,C,27,DAL,53,16,906,4.6,7.2,1.9,3.1,0.0,0.4,4.5,6.8,2.6,6.8,9.4,1.4,0.8,1.7,1.2,5.1,11.1
Chris Chiozza,PG,25,BRK,22,1,232,4.8,13.7,2.0,2.6,2.0,6.5,2.8,7.1,0.5,3.3,3.7,10.1,1.1,0.9,2.5,2.9,13.7
Marquese Chriss,PF,23,GSW,2,0,27,6.7,18.7,2.7,5.3,1.3,6.7,5.3,12.0,4.0,13.3,17.3,2.7,0.0,2.7,2.7,4.0,17.3
Gary Clark,SF-PF,26,TOT,39,11,654,2.2,7.3,0.4,0.6,1.7,5.9,0.5,1.3,1.8,4.5,6.3,1.7,0.7,0.4,0.9,1.9,6.6
Gary Clark,SF,26,ORL,35,11,637,2.3,7.4,0.5,0.6,1.8,6.1,0.5,1.3,1.9,4.5,6.3,1.7,0.7,0.4,1.0,1.9,6.7
Gary Clark,SF,26,DEN,2,0,4,0.0,0.0,0.0,0.0,0.0,0.0,0.0,0.0,0.0,9.0,9.0,0.0,0.0,0.0,0.0,0.0,0.0
Gary Clark,PF,26,PHI,2,0,13,0.0,2.8,0.0,0.0,0.0,0.0,0.0,2.8,0.0,5.5,5.5,2.8,2.8,0.0,0.0,2.8,0.0
,,,,,,,,,,,,,,,,,,,,,,,
Brandon Clarke,PF,24,MEM,59,16,1415,6.5,12.6,2.0,2.9,0.5,2.0,6.0,10.6,2.5,5.9,8.3,2.4,1.5,1.3,0.8,2.1,15.5
Jordan Clarkson,SG,28,UTA,68,1,1818,9.0,21.3,2.6,2.9,4.1,11.9,4.9,9.4,0.9,4.5,5.4,3.3,1.2,0.2,2.3,2.2,24.8
Nicolas Claxton,C,21,BRK,32,1,594,5.5,8.8,1.9,3.9,0.1,0.3,5.4,8.5,2.6,7.5,10.1,1.7,1.4,2.4,1.1,4.1,12.8
Amir Coffey,SG,23,LAC,44,1,394,4.1,9.4,2.5,3.5,2.1,5.1,2.0,4.3,0.9,3.1,4.0,2.0,0.9,0.0,1.4,2.7,12.8
John Collins,PF,23,ATL,63,63,1848,8.4,15.0,3.3,4.0,1.6,4.1,6.7,11.0,2.3,6.8,9.1,1.5,0.7,1.2,1.6,3.8,21.6
Mike Conley,PG,33,UTA,51,51,1498,6.8,15.4,2.9,3.4,3.3,8.1,3.5,7.3,0.9,3.4,4.3,7.3,1.7,0.2,2.4,2.4,19.9
Pat Connaughton,SG,28,MIL,69,4,1575,3.8,8.8,0.7,0.9,2.3,6.2,1.5,2.6,1.4,6.1,7.6,1.9,1.1,0.5,0.8,2.3,10.7
Quinn Cook,PG,27,TOT,23,0,157,6.6,15.6,1.6,1.8,2.5,6.0,4.1,9.6,0.5,3.4,3.9,4.1,0.9,0.2,1.6,2.3,17.4
Quinn Cook,PG,27,LAL,16,0,62,7.0,15.1,2.3,2.9,2.9,7.5,4.1,7.5,0.0,2.9,2.9,2.9,0.6,0.6,1.7,1.2,19.2
Quinn Cook,PG,27,CLE,7,0,95,6.4,15.9,1.1,1.1,2.3,4.9,4.2,11.0,0.8,3.8,4.5,4.9,1.1,0.0,1.5,3.0,16.3
Tyler Cook,SF-PF,23,TOT,32,1,438,5.7,8.5,1.4,2.9,0.1,0.2,5.6,8.3,2.3,5.5,7.8,1.4,0.7,0.2,1.7,2.9,12.8
Tyler Cook,PF,23,BRK,4,0,17,2.1,6.4,0.0,0.0,0.0,0.0,2.1,6.4,2.1,2.1,4.2,4.2,0.0,0.0,2.1,4.2,4.2
Tyler Cook,SF,23,DET,28,1,421,5.8,8.6,1.5,3.0,0.1,0.2,5.7,8.4,2.3,5.6,8.0,1.3,0.7,0.2,1.7,2.8,13.2
DeMarcus Cousins,C,30,TOT,41,11,713,6.6,15.4,3.0,4.1,2.4,6.8,4.2,8.6,2.7,10.6,13.3,3.8,1.7,1.2,3.2,5.4,18.5
DeMarcus Cousins,C,30,HOU,25,11,506,5.6,14.9,3.1,4.2,2.8,8.3,2.8,6.7,2.1,11.5,13.6,4.3,1.5,1.3,2.8,5.3,17.1
DeMarcus Cousins,C,30,LAC,16,0,207,8.9,16.5,2.6,3.8,1.4,3.3,7.5,13.2,4.0,8.5,12.5,2.8,2.3,1.0,4.3,5.7,21.7
Robert Covington,PF,30,POR,70,70,2243,3.3,8.2,0.8,1.0,2.2,5.7,1.1,2.5,1.0,6.5,7.5,1.9,1.6,1.3,1.0,3.1,9.5
Torrey Craig,SF,30,TOT,50,8,803,4.9,10.2,0.8,1.0,1.7,4.8,3.1,5.4,2.6,6.3,8.8,2.2,1.3,1.2,1.1,3.7,12.3
Torrey Craig,SF,30,MIL,18,0,201,3.2,8.2,0.2,0.4,1.4,3.9,1.8,4.3,2.3,5.4,7.7,2.9,1.6,1.3,0.9,4.3,8.1
Torrey Craig,SF,30,PHO,32,8,602,5.4,10.8,1.0,1.2,1.9,5.0,3.6,5.8,2.6,6.6,9.2,2.0,1.1,1.1,1.2,3.5,13.7
Jae Crowder,PF,30,PHO,60,42,1648,4.3,10.7,1.2,1.6,3.2,8.3,1.1,2.4,0.7,5.5,6.2,2.8,1.0,0.6,1.2,2.7,13.2
Jarrett Culver,SG,21,MIN,34,7,499,5.0,12.1,2.1,3.5,0.9,3.8,4.0,8.3,2.5,5.1,7.5,1.7,1.2,0.6,2.0,4.2,13.0
Seth Curry,SG,30,PHI,57,57,1638,5.7,12.1,1.5,1.7,2.8,6.2,2.9,6.0,0.2,2.8,3.0,3.4,1.0,0.2,1.4,2.1,15.6
Stephen Curry,PG,32,GSW,63,63,2152,11.0,22.8,6.1,6.6,5.6,13.4,5.4,9.4,0.5,5.3,5.8,6.1,1.3,0.1,3.6,2.0,33.7
Nate Darling,SG,22,CHO,7,0,26,2.8,9.7,4.2,4.2,2.8,9.7,0.0,0.0,1.4,0.0,1.4,1.4,0.0,1.4,1.4,1.4,12.5
Anthony Davis,PF,27,LAL,36,36,1162,9.3,19.0,4.9,6.6,0.8,3.1,8.5,15.9,1.9,6.9,8.9,3.4,1.4,1.8,2.3,1.9,24.4
Ed Davis,C,31,MIN,23,7,299,2.3,5.3,1.2,1.4,0.0,0.0,2.3,5.3,5.5,8.3,13.8,2.5,1.6,1.6,0.8,6.7,5.8
Terence Davis,SG,23,TOT,61,4,1074,6.5,15.3,1.5,1.8,3.3,8.9,3.3,6.3,0.7,4.5,5.2,2.8,1.5,0.5,2.1,3.3,17.9
Terence Davis,SG,23,TOR,34,4,493,6.4,15.3,1.2,1.3,3.2,8.9,3.1,6.4,0.7,4.2,4.8,2.7,1.2,0.5,2.1,3.5,17.1
Terence Davis,SG,23,SAC,27,0,581,6.7,15.2,1.8,2.3,3.3,9.0,3.3,6.3,0.7,4.8,5.5,2.9,1.7,0.4,2.1,3.0,18.5
,,,,,,,,,,,,,,,,,,,,,,,
Gabriel Deck,PF,25,OKC,10,0,212,5.4,11.4,3.1,3.7,0.3,2.5,5.1,8.8,2.7,4.1,6.8,4.1,1.4,0.0,1.0,1.5,14.3
Dewayne Dedmon,C,31,MIA,16,0,210,7.9,11.1,3.4,4.6,0.2,0.9,7.7,10.3,4.8,9.9,14.7,2.1,1.5,1.0,2.2,6.2,19.4
Matthew Dellavedova,PG,30,CLE,13,1,224,2.3,9.0,0.6,0.6,0.6,4.0,1.6,5.0,1.0,2.9,3.9,9.3,0.6,0.2,1.0,3.4,5.8
DeMar DeRozan,PF,31,SAS,61,61,2056,8.0,16.1,6.8,7.7,0.3,1.3,7.6,14.8,0.7,3.8,4.5,7.4,1.0,0.3,2.1,2.2,23.0
Mamadi Diakite,PF,24,MIL,14,1,141,4.1,10.2,2.8,3.6,0.3,2.0,3.8,8.2,2.0,6.6,8.7,2.0,1.8,1.5,0.8,4.1,11.2
Hamidou Diallo,SG-SF,22,TOT,52,9,1226,6.6,13.8,3.8,5.9,0.8,2.4,5.8,11.4,1.7,6.3,8.0,3.0,1.2,0.7,2.2,3.9,17.7
Hamidou Diallo,SG,22,OKC,32,5,761,6.8,14.0,3.9,6.2,0.6,1.9,6.2,12.1,1.8,6.1,7.8,3.6,1.5,0.6,2.3,3.9,18.0
Hamidou Diallo,SF,22,DET,20,4,465,6.3,13.4,3.5,5.3,1.2,3.2,5.0,10.2,1.7,6.6,8.3,1.9,0.8,0.9,2.1,3.9,17.3
Gorgui Dieng,C,31,TOT,38,1,552,5.5,10.6,3.8,4.4,2.0,4.6,3.6,6.1,2.6,6.5,9.1,3.1,1.7,1.0,2.1,3.7,16.8
Gorgui Dieng,C,31,MEM,22,1,371,5.4,10.5,3.7,4.2,2.2,4.7,3.2,5.8,2.7,6.8,9.5,2.8,1.6,1.4,2.1,3.7,16.8
Gorgui Dieng,C,31,SAS,16,0,181,5.8,10.9,4.0,4.8,1.4,4.4,4.4,6.6,2.4,6.0,8.4,3.8,1.8,0.4,2.0,3.6,16.9
Spencer Dinwiddie,SG,27,BRK,3,3,64,3.4,9.0,3.4,3.4,1.1,3.9,2.3,5.1,0.0,7.3,7.3,5.1,1.1,0.6,2.8,2.3,11.3
Donte DiVincenzo,SG,24,MIL,66,66,1814,5.0,12.0,1.0,1.4,2.6,6.9,2.4,5.1,1.6,5.9,7.5,4.0,1.4,0.3,1.8,2.2,13.7
Luka Dončić,PG,21,DAL,66,66,2262,10.3,21.5,5.5,7.5,3.1,8.7,7.2,12.8,0.9,7.5,8.4,9.0,1.0,0.6,4.5,2.4,29.1
Luguentz Dort,SG,21,OKC,52,52,1543,5.8,14.9,2.8,3.8,2.6,7.7,3.1,7.2,0.9,3.5,4.4,2.1,1.0,0.4,1.8,3.1,17.0
Damyean Dotson,SG,26,CLE,46,7,907,4.7,11.6,1.0,1.4,1.8,6.3,2.9,5.3,0.2,3.5,3.7,3.6,0.6,0.2,1.7,1.7,12.2
Devon Dotson,PG,21,CHI,11,0,50,7.9,15.1,0.0,0.0,0.7,5.0,7.2,10.1,1.4,2.2,3.6,5.0,2.9,0.0,0.0,2.2,16.6
Sekou Doumbouya,PF,20,DET,56,11,869,4.4,11.7,1.9,2.7,1.1,4.8,3.4,6.9,1.6,4.3,5.9,1.9,1.0,0.4,1.8,3.9,11.8
PJ Dozier,SG,24,DEN,50,6,1088,4.9,11.7,1.4,2.2,1.6,4.9,3.3,6.8,1.2,4.9,6.0,3.0,1.0,0.7,1.5,2.8,12.7
Goran Dragić,PG,34,MIA,50,11,1337,6.5,14.9,2.7,3.3,2.5,6.6,4.0,8.4,0.7,3.9,4.6,5.9,0.9,0.2,3.2,3.0,18.1
Andre Drummond,C,27,TOT,46,46,1242,8.2,16.6,3.6,5.9,0.0,0.2,8.2,16.3,4.8,11.2,16.0,2.7,1.8,1.4,3.6,4.3,19.9
Andre Drummond,C,27,CLE,25,25,722,9.0,18.9,3.8,6.4,0.0,0.4,9.0,18.5,5.0,11.8,16.8,3.2,2.0,1.4,4.0,3.4,21.8
Andre Drummond,C,27,LAL,21,21,520,7.1,13.3,3.2,5.3,0.0,0.0,7.1,13.3,4.5,10.3,14.8,2.1,1.6,1.4,3.0,5.5,17.3
Jared Dudley,PF,35,LAL,12,0,81,0.9,4.0,0.0,0.0,0.9,2.7,0.0,1.3,1.8,7.6,9.3,2.2,0.4,0.4,0.9,3.1,2.7
Kris Dunn,PG,26,ATL,4,0,45,0.8,9.6,2.4,3.2,0.0,1.6,0.8,8.0,0.0,4.8,4.8,1.6,1.6,1.6,2.4,8.0,4.0
Kevin Durant,PF,32,BRK,35,32,1157,10.1,18.8,6.5,7.4,2.6,5.9,7.4,12.9,0.4,7.3,7.7,6.1,0.8,1.4,3.7,2.2,29.3
,,,,,,,,,,,,,,,,,,,,,,,
Anthony Edwards,SG,19,MIN,72,55,2314,7.9,18.8,3.3,4.2,2.7,8.1,5.2,10.8,0.9,4.3,5.2,3.3,1.3,0.6,2.5,2.0,21.7
Carsen Edwards,SG,22,BOS,31,1,276,6.1,14.5,1.4,1.7,2.3,8.2,3.8,6.3,0.4,3.0,3.4,1.8,0.9,0.1,0.9,3.3,16.0
CJ Elleby,SF,20,POR,30,0,192,4.7,12.4,2.1,2.8,1.3,6.4,3.4,6.0,2.1,3.9,6.0,1.9,1.1,0.6,0.9,5.1,12.7
Henry Ellenson,PF,24,TOR,2,0,38,4.7,13.3,2.8,3.8,1.9,8.5,2.8,4.7,2.8,8.5,11.4,4.7,0.0,0.0,0.0,6.6,14.2
Wayne Ellington,SG,33,DET,46,31,1012,5.3,12.0,1.0,1.2,4.1,9.8,1.2,2.2,0.4,2.6,3.0,2.4,0.6,0.3,1.2,2.1,15.7
Joel Embiid,C,26,PHI,51,51,1585,10.5,20.4,10.7,12.4,1.3,3.5,9.2,16.9,2.6,9.7,12.2,3.3,1.1,1.6,3.6,2.8,33.0
James Ennis,SF,30,ORL,41,37,986,4.2,8.9,2.6,3.2,1.6,3.8,2.6,5.1,1.6,4.5,6.1,2.3,1.2,0.3,1.3,3.1,12.6
Drew Eubanks,C,23,SAS,54,3,755,5.5,9.8,3.7,5.1,0.1,0.1,5.4,9.7,3.5,8.0,11.5,2.0,0.9,2.3,2.1,4.2,14.8
Dante Exum,SG,25,CLE,6,3,116,3.1,8.1,0.3,0.6,0.6,3.4,2.5,4.7,0.6,4.7,5.3,4.0,1.2,0.6,2.2,2.8,7.1
Tacko Fall,C,25,BOS,19,0,136,5.6,7.7,1.3,4.0,0.0,0.0,5.6,7.7,4.2,9.5,13.8,0.8,0.3,5.3,1.6,5.8,12.4
Derrick Favors,C,29,UTA,68,0,1039,5.4,8.4,2.0,2.8,0.0,0.1,5.4,8.4,4.8,8.2,13.0,1.5,1.1,2.4,1.2,5.0,12.8
Cristiano Felício,C,28,CHI,18,0,84,3.0,5.6,3.9,6.9,0.0,0.9,3.0,4.7,4.3,6.9,11.1,3.9,1.7,0.0,1.7,4.3,9.9
Terrance Ferguson,SG,22,PHI,13,0,49,0.7,5.1,0.0,0.0,0.0,3.7,0.7,1.5,0.0,0.7,0.7,1.5,0.7,0.0,2.9,5.1,1.5
Bruno Fernando,C,22,ATL,33,0,226,2.9,7.0,2.4,3.5,0.0,0.3,2.9,6.7,2.5,9.9,12.4,1.6,0.6,0.5,3.3,3.7,8.1
Yogi Ferrell,PG,27,TOT,10,0,136,5.3,15.1,1.9,2.4,2.4,7.4,2.9,7.7,1.3,3.7,5.0,5.8,1.9,0.8,0.8,2.9,14.8
Yogi Ferrell,PG,27,CLE,2,0,40,7.2,18.9,0.0,1.8,2.7,8.1,4.5,10.8,2.7,3.6,6.3,4.5,2.7,0.9,2.7,3.6,17.1
Yogi Ferrell,PG,27,LAC,8,0,96,4.5,13.5,2.6,2.6,2.3,7.1,2.3,6.4,0.7,3.7,4.5,6.4,1.5,0.7,0.0,2.6,13.9
Dorian Finney-Smith,PF,27,DAL,60,60,1921,4.1,8.7,0.6,0.8,2.2,5.7,1.9,3.1,1.8,4.3,6.1,1.9,1.0,0.5,0.9,2.6,11.1
Malik Fitts,PF,23,LAC,3,0,11,3.3,9.8,0.0,0.0,3.3,6.5,0.0,3.3,0.0,9.8,9.8,0.0,0.0,0.0,0.0,9.8,9.8
Malachi Flynn,PG,22,TOR,47,14,928,4.9,13.2,1.7,2.2,2.1,6.5,2.8,6.7,0.4,4.1,4.5,5.3,1.5,0.3,1.7,2.6,13.7
Bryn Forbes,SG,27,MIL,70,10,1354,6.6,14.1,1.2,1.6,4.1,9.1,2.6,5.0,0.3,2.7,3.0,1.2,0.6,0.0,1.2,2.0,18.6
Trent Forrest,PG,22,UTA,30,0,302,3.8,8.5,2.3,2.3,0.6,3.1,3.2,5.4,1.3,3.9,5.2,5.4,1.1,0.5,2.5,2.6,10.5
,,,,,,,,,,,,,,,,,,,,,,,
Evan Fournier,SF-SG,28,TOT,42,36,1259,7.1,15.5,3.1,3.9,3.3,8.1,3.7,7.4,0.3,3.4,3.7,4.1,1.3,0.5,2.1,2.7,20.6
Evan Fournier,SF,28,ORL,26,26,787,7.8,16.9,4.5,5.6,3.3,8.6,4.4,8.3,0.2,3.2,3.4,4.3,1.2,0.4,2.5,2.5,23.4
Evan Fournier,SG,28,BOS,16,10,472,5.9,13.1,0.8,1.1,3.4,7.2,2.5,5.9,0.4,3.7,4.0,3.7,1.5,0.8,1.4,3.1,15.9
De'Aaron Fox,PG,23,SAC,58,58,2036,9.4,19.6,5.3,7.4,1.8,5.7,7.5,14.0,0.6,3.0,3.6,7.4,1.5,0.5,3.1,3.0,25.8
Robert Franks,PF,24,ORL,7,0,101,4.6,10.0,4.3,4.6,1.8,5.3,2.9,4.6,2.1,2.9,5.0,1.8,1.1,1.1,0.7,2.9,15.3
Tim Frazier,PG,30,MEM,5,0,62,1.7,11.6,1.2,3.5,0.0,4.6,1.7,7.0,0.0,4.6,4.6,9.3,1.2,0.6,2.3,4.1,4.6
Markelle Fultz,PG,22,ORL,8,8,215,6.9,17.4,2.8,3.2,0.7,2.7,6.2,14.7,0.8,3.3,4.2,7.2,1.3,0.3,3.0,3.0,17.2
Wenyen Gabriel,PF,23,NOP,21,0,241,3.6,9.0,1.6,2.5,1.9,4.8,1.6,4.2,3.0,5.1,8.1,1.6,1.3,1.2,2.2,4.8,10.8
Daniel Gafford,PF-C,22,TOT,54,11,791,7.0,10.2,3.3,4.9,0.0,0.0,7.0,10.2,4.3,6.2,10.5,1.3,1.2,3.4,1.9,4.5,17.3
Daniel Gafford,PF,22,CHI,31,11,383,5.6,8.2,2.5,3.9,0.0,0.0,5.6,8.2,4.1,5.5,9.7,1.6,1.0,3.2,2.1,5.1,13.8
Daniel Gafford,C,22,WAS,23,0,408,8.3,12.2,4.0,5.9,0.0,0.0,8.3,12.2,4.4,6.9,11.3,1.1,1.3,3.6,1.7,3.9,20.6
Danilo Gallinari,PF,32,ATL,51,4,1222,6.1,14.0,4.7,5.1,3.0,7.5,3.0,6.5,0.5,5.7,6.2,2.2,0.9,0.3,1.3,3.1,19.9
Langston Galloway,SG,29,PHO,40,0,438,5.4,12.1,1.8,1.9,3.0,7.0,2.5,5.1,0.6,2.9,3.5,2.1,0.7,0.0,1.1,2.1,15.6
Darius Garland,PG,21,CLE,54,50,1790,7.3,16.1,2.3,2.7,2.1,5.3,5.2,10.8,0.5,2.1,2.6,6.6,1.3,0.1,3.3,2.2,18.9
Marc Gasol,C,36,LAL,52,42,993,3.2,7.0,1.3,1.8,1.8,4.4,1.4,2.6,1.4,6.4,7.8,4.0,0.9,2.1,1.9,4.2,9.5
Rudy Gay,PF,34,SAS,63,1,1358,7.0,16.6,2.2,2.7,2.8,7.4,4.2,9.3,1.1,6.9,8.0,2.3,1.2,1.1,1.7,3.0,19.0
Paul George,SF,30,LAC,54,54,1821,8.8,18.8,3.9,4.5,3.4,8.2,5.4,10.6,0.9,6.2,7.1,5.5,1.2,0.5,3.5,2.6,24.9
Taj Gibson,PF,35,NYK,45,3,936,3.8,6.1,1.5,2.1,0.1,0.6,3.7,5.5,3.8,5.8,9.6,1.4,1.2,1.9,0.8,3.8,9.3
Harry Giles,C,22,POR,38,0,348,4.3,10.0,1.7,2.8,0.8,2.4,3.5,7.7,3.2,10.6,13.8,3.0,0.8,1.3,2.1,5.6,11.2
Shai Gilgeous-Alexander,SG,22,OKC,35,35,1180,8.8,17.2,5.6,7.0,2.2,5.2,6.6,12.1,0.6,4.5,5.1,6.3,0.8,0.7,3.2,2.1,25.3
Anthony Gill,PF,28,WAS,26,4,218,5.0,9.9,2.1,2.6,1.2,4.0,3.8,5.9,2.6,5.8,8.4,1.8,1.7,0.7,1.3,4.5,13.2
Freddie Gillespie,PF,23,TOR,20,2,392,4.0,7.7,2.1,3.0,0.0,0.0,4.0,7.7,3.9,5.1,8.9,0.8,1.2,1.8,1.1,3.9,10.2
Rudy Gobert,C,28,UTA,71,71,2187,6.4,9.5,3.8,6.2,0.0,0.1,6.4,9.5,4.0,11.9,15.8,1.5,0.7,3.1,1.9,2.7,16.7
Brandon Goodwin,PG,25,ATL,47,5,620,4.9,12.9,1.6,2.5,1.9,6.0,3.0,7.0,0.5,3.5,4.0,5.5,1.0,0.0,2.1,2.4,13.2
,,,,,,,,,,,,,,,,,,,,,,,
Aaron Gordon,PF,25,TOT,50,50,1384,6.0,13.0,2.5,3.9,1.5,4.6,4.5,8.4,2.0,5.4,7.4,4.2,0.9,0.9,2.5,2.3,16.1
Aaron Gordon,PF,25,ORL,25,25,736,6.3,14.3,3.2,5.1,2.1,5.5,4.2,8.9,1.9,6.2,8.1,5.1,0.8,1.0,3.3,2.4,17.8
Aaron Gordon,PF,25,DEN,25,25,648,5.7,11.4,1.7,2.4,0.9,3.6,4.8,7.9,2.1,4.4,6.6,3.1,0.9,0.8,1.7,2.2,14.1
Eric Gordon,SG,32,HOU,27,13,789,7.3,16.7,4.3,5.2,3.1,9.6,4.1,7.2,0.4,2.3,2.6,3.2,0.6,0.6,2.3,2.0,21.9
Devonte' Graham,PG,25,CHO,55,44,1659,5.5,14.5,2.9,3.4,3.9,10.4,1.6,4.2,0.5,2.7,3.2,6.4,1.0,0.1,1.8,1.7,17.7
Jerami Grant,SF,26,DET,54,54,1829,7.9,18.3,5.7,6.8,2.3,6.5,5.6,11.9,0.7,4.2,4.9,3.0,0.7,1.1,2.1,2.5,23.7
Danny Green,SF,33,PHI,69,69,1934,4.2,10.1,0.6,0.7,3.3,8.0,0.9,2.1,1.0,3.8,4.8,2.2,1.7,1.0,1.2,2.3,12.2
Draymond Green,PF,30,GSW,63,63,1982,3.1,6.9,1.3,1.6,0.6,2.3,2.5,4.6,1.0,7.2,8.2,10.1,1.9,0.9,3.4,3.5,8.1
JaMychal Green,PF,30,DEN,58,5,1120,5.6,12.0,1.5,1.8,2.5,6.4,3.0,5.7,2.7,6.2,8.9,1.7,0.8,0.7,1.7,4.6,15.1
Javonte Green,SG-PG,27,TOT,41,2,473,4.0,7.8,2.3,3.0,0.8,2.3,3.3,5.5,2.0,3.4,5.4,1.3,2.1,0.5,1.4,3.4,11.1
Javonte Green,SG,27,BOS,25,2,345,4.1,7.4,2.1,3.1,0.7,2.3,3.3,5.1,2.1,3.3,5.4,1.1,1.9,0.2,1.4,3.3,11.0
Javonte Green,PG,27,CHI,16,0,128,3.9,8.7,2.8,2.8,0.8,2.3,3.1,6.5,1.7,3.7,5.3,1.7,2.8,1.1,1.7,3.7,11.5
Jeff Green,C,34,BRK,68,38,1835,5.1,10.4,2.5,3.2,2.0,4.9,3.1,5.5,0.7,4.5,5.2,2.1,0.7,0.5,1.1,2.4,14.7
Josh Green,SG,20,DAL,39,5,445,3.4,7.5,1.1,1.9,0.3,2.0,3.1,5.5,2.3,4.0,6.3,2.3,1.3,0.2,1.4,2.8,8.2
Blake Griffin,PF,31,TOT,46,30,1186,5.3,12.5,2.6,3.6,2.1,6.2,3.2,6.3,1.1,5.8,6.8,4.2,1.0,0.5,1.9,3.4,15.3
Blake Griffin,PF,31,DET,20,20,626,4.7,12.8,2.5,3.6,2.2,7.1,2.4,5.6,0.4,5.6,6.0,4.4,0.8,0.1,1.8,2.4,14.1
Blake Griffin,PF,31,BRK,26,10,560,6.0,12.2,2.8,3.5,2.0,5.2,4.0,6.9,1.8,6.0,7.8,4.1,1.2,0.8,1.9,4.4,16.7
Kyle Guy,PG,23,SAC,31,0,235,4.4,13.5,2.5,3.1,2.0,7.0,2.5,6.4,0.8,4.6,5.4,4.9,0.9,0.0,1.7,3.1,13.3
Rui Hachimura,PF,22,WAS,57,57,1797,6.2,13.0,2.5,3.2,0.9,2.7,5.3,10.2,1.0,5.3,6.3,1.6,0.9,0.1,1.4,2.4,15.8
Ashton Hagans,PG,21,MIN,2,0,4,0.0,0.0,0.0,0.0,0.0,0.0,0.0,0.0,0.0,0.0,0.0,0.0,0.0,0.0,9.0,0.0,0.0
Tyrese Haliburton,PG,20,SAC,58,20,1746,6.0,12.8,1.0,1.2,2.5,6.1,3.5,6.7,0.8,2.8,3.6,6.4,1.6,0.6,1.9,1.7,15.5
Donta Hall,PF,23,ORL,13,0,179,5.0,7.0,4.6,6.8,0.0,0.0,5.0,7.0,4.8,7.6,12.5,2.2,1.0,2.0,1.6,3.6,14.7
Josh Hall,SF,20,OKC,21,1,336,3.2,10.6,2.4,4.7,0.4,4.0,2.8,6.6,0.6,5.7,6.3,3.0,0.4,0.1,2.7,4.0,9.2
R.J. Hampton,SG-PG,19,TOT,51,1,888,5.5,12.7,2.2,3.3,1.1,3.5,4.4,9.2,1.2,6.1,7.3,3.5,0.9,0.4,2.1,2.5,14.4
R.J. Hampton,PG,19,DEN,25,0,233,3.9,9.3,1.4,1.9,0.8,2.8,3.1,6.5,1.5,6.2,7.7,2.2,0.8,0.3,1.7,3.4,9.9
R.J. Hampton,SG,19,ORL,26,1,655,6.1,13.9,2.5,3.8,1.2,3.8,4.9,10.1,1.0,6.0,7.1,4.0,0.9,0.4,2.3,2.1,15.9
Tim Hardaway Jr.,SG,28,DAL,70,31,1985,7.4,16.5,2.6,3.2,3.8,9.6,3.6,6.9,0.4,3.8,4.2,2.3,0.6,0.2,1.2,2.0,21.1
James Harden,PG-SG,31,TOT,44,43,1609,7.7,16.4,6.2,7.2,2.7,7.5,4.9,8.9,0.8,7.0,7.8,10.6,1.2,0.7,4.0,2.2,24.2
James Harden,SG,31,HOU,8,8,290,7.4,16.8,6.6,7.4,3.1,8.9,4.3,7.8,0.6,4.5,5.1,10.3,0.9,0.7,4.2,1.7,24.6
James Harden,PG,31,BRK,36,35,1319,7.7,16.3,6.1,7.2,2.6,7.2,5.1,9.2,0.8,7.6,8.4,10.7,1.3,0.7,3.9,2.3,24.2
,,,,,,,,,,,,,,,,,,,,,,,
Maurice Harkless,PF-SF,27,TOT,37,23,772,3.2,7.7,1.5,2.0,1.1,3.9,2.1,3.8,0.6,3.5,4.2,2.1,1.4,0.9,1.0,4.0,9.0
Maurice Harkless,SF,27,MIA,11,3,124,1.5,3.8,0.0,0.6,1.5,3.2,0.0,0.6,0.6,3.2,3.8,2.0,0.6,1.2,0.9,4.1,4.4
Maurice Harkless,PF,27,SAC,26,20,648,3.6,8.4,1.8,2.3,1.0,4.1,2.6,4.4,0.6,3.6,4.2,2.1,1.6,0.9,1.1,4.0,9.9
Jared Harper,PG,23,NYK,8,0,16,0.0,9.0,6.8,9.0,0.0,2.3,0.0,6.8,0.0,4.5,4.5,2.3,0.0,0.0,6.8,2.3,6.8
Montrezl Harrell,C,27,LAL,69,1,1580,8.5,13.7,4.1,5.8,0.0,0.2,8.5,13.5,3.6,6.2,9.8,1.7,1.0,1.1,1.7,2.9,21.2
Gary Harris,SG,26,TOT,39,38,1080,4.6,11.5,2.1,2.6,1.6,4.7,3.0,6.8,0.7,1.9,2.6,2.6,0.9,0.4,1.2,2.4,12.9
Gary Harris,SG,26,DEN,19,19,581,4.3,9.7,1.4,1.9,1.5,4.6,2.8,5.0,0.8,2.1,2.9,2.0,1.1,0.2,0.9,2.3,11.4
Gary Harris,SG,26,ORL,20,19,499,5.0,13.6,3.0,3.5,1.7,4.8,3.2,8.9,0.6,1.7,2.3,3.3,0.8,0.5,1.7,2.5,14.7
Jalen Harris,SG,22,TOR,13,2,172,7.5,15.1,1.5,1.9,3.6,7.5,4.0,7.5,0.6,3.1,3.8,3.6,1.7,0.0,2.9,3.1,20.1
Joe Harris,SF,29,BRK,69,65,2141,6.0,11.9,0.8,1.1,3.5,7.5,2.5,4.4,0.7,3.4,4.2,2.2,0.8,0.2,1.0,2.4,16.4
Tobias Harris,PF,28,PHI,62,62,2014,8.5,16.5,3.3,3.6,1.5,3.7,7.0,12.8,1.1,6.4,7.5,3.9,1.0,0.9,1.9,2.1,21.6
Shaquille Harrison,SG,27,TOT,34,0,333,2.8,8.4,1.9,2.4,0.3,1.7,2.5,6.7,0.8,4.4,5.2,2.7,1.8,0.5,1.2,3.6,7.9
Shaquille Harrison,SG,27,UTA,17,0,56,3.9,12.9,3.2,3.9,0.0,1.3,3.9,11.6,1.9,3.9,5.8,5.8,1.3,0.0,3.2,1.9,10.9
Shaquille Harrison,SG,27,DEN,17,0,277,2.6,7.5,1.7,2.1,0.4,1.8,2.2,5.7,0.5,4.5,5.1,2.1,1.9,0.6,0.8,3.9,7.3
Josh Hart,SF,25,NOP,47,4,1349,4.0,9.2,1.8,2.4,1.7,5.2,2.3,4.0,1.4,8.6,10.1,2.9,1.0,0.3,1.3,3.0,11.6
Isaiah Hartenstein,C,22,TOT,46,2,559,6.1,11.0,3.0,4.6,0.1,0.4,5.9,10.6,4.2,7.5,11.7,3.5,1.2,2.5,2.8,6.7,15.2
Isaiah Hartenstein,C,22,DEN,30,0,272,5.4,10.6,2.9,4.8,0.0,0.0,5.4,10.6,5.3,6.0,11.3,2.0,1.5,2.6,2.8,7.8,13.8
Isaiah Hartenstein,C,22,CLE,16,2,287,6.6,11.4,3.0,4.4,0.3,0.8,6.4,10.7,3.1,8.9,12.0,5.0,1.0,2.4,2.9,5.6,16.6
Udonis Haslem,C,40,MIA,1,0,3,24.0,24.0,0.0,0.0,0.0,0.0,24.0,24.0,0.0,12.0,12.0,0.0,0.0,0.0,0.0,0.0,48.0
Jaxson Hayes,C,20,NOP,60,3,964,6.5,10.5,3.5,4.5,0.2,0.5,6.3,9.9,3.4,6.2,9.6,1.3,0.9,1.4,1.5,3.8,16.8
Killian Hayes,PG,19,DET,26,18,670,3.8,10.8,0.8,0.9,1.1,3.9,2.7,6.9,0.3,3.4,3.7,7.4,1.5,0.5,4.5,3.1,9.5
Gordon Hayward,SF,30,CHO,44,44,1496,7.5,15.8,3.8,4.5,2.0,4.9,5.4,10.9,0.9,5.3,6.2,4.4,1.3,0.3,2.2,1.8,20.8
Juan Hernangómez,PF,25,MIN,52,6,900,5.2,12.0,2.4,3.9,2.2,6.7,3.0,5.2,1.8,6.4,8.2,1.4,0.8,0.3,1.1,2.1,15.0
Willy Hernangómez,C,26,NOP,47,12,846,6.4,11.4,2.6,4.0,0.0,0.4,6.4,11.0,5.0,9.2,14.2,2.1,0.9,1.0,1.4,2.9,15.5
Tyler Herro,SG,21,MIA,54,15,1635,6.8,15.4,2.1,2.6,2.4,6.5,4.4,8.9,0.6,5.4,5.9,4.1,0.8,0.4,2.2,1.6,17.9
Buddy Hield,SG,28,SAC,71,71,2433,6.0,14.7,1.3,1.5,4.2,10.7,1.8,4.0,0.4,4.5,4.9,3.8,0.9,0.4,1.9,2.6,17.4
George Hill,PG,34,TOT,30,17,672,5.1,10.6,2.1,2.7,1.7,4.3,3.4,6.3,0.9,2.4,3.3,3.9,1.2,0.3,1.7,1.7,14.0
George Hill,PG,34,OKC,14,14,369,6.0,11.7,2.0,2.4,2.1,5.6,3.8,6.1,0.8,2.0,2.8,4.2,1.2,0.2,1.2,1.2,16.1
George Hill,PG,34,PHI,16,3,303,4.0,9.1,2.3,3.0,1.1,2.7,3.0,6.4,1.0,2.9,3.8,3.6,1.3,0.4,2.3,2.3,11.4
Solomon Hill,PF,29,ATL,71,16,1513,2.5,7.1,0.8,1.1,1.6,5.0,0.9,2.0,1.0,4.1,5.1,1.8,1.2,0.3,1.0,2.8,7.5
,,,,,,,,,,,,,,,,,,,,,,,
Nate Hinton,SG,21,DAL,21,0,93,5.8,16.3,2.7,3.9,1.5,7.4,4.3,8.9,0.4,3.1,3.5,3.1,2.7,0.8,1.9,3.1,15.9
Jaylen Hoard,SF,21,OKC,19,0,320,5.0,9.9,3.2,4.6,0.0,1.2,5.0,8.7,2.4,5.0,7.3,2.7,1.5,0.6,1.9,2.1,13.1
Aaron Holiday,PG,24,IND,66,8,1176,5.2,13.3,2.1,2.5,2.1,5.6,3.2,7.8,0.5,2.3,2.7,3.8,1.4,0.4,2.0,2.9,14.5
Jrue Holiday,PG,30,MIL,59,56,1907,7.8,15.5,2.0,2.6,2.1,5.3,5.7,10.2,1.4,3.7,5.1,6.7,1.8,0.7,2.4,1.9,19.7
Justin Holiday,SG,31,IND,72,52,2183,4.3,10.3,1.1,1.4,2.9,7.5,1.4,2.8,0.5,3.7,4.2,2.0,1.2,0.7,0.9,2.2,12.5
Rondae Hollis-Jefferson,PF,26,POR,11,1,107,3.0,6.1,3.0,5.4,0.0,0.3,3.0,5.7,3.7,5.0,8.7,4.4,0.7,1.3,0.7,5.0,9.1
Richaun Holmes,C,27,SAC,61,61,1782,7.4,11.6,2.7,3.4,0.0,0.2,7.4,11.4,2.9,7.3,10.2,2.0,0.8,1.9,1.5,4.3,17.6
Rodney Hood,SF,28,TOT,55,5,942,3.6,9.9,0.9,1.1,1.3,4.3,2.3,5.6,0.9,3.1,3.9,2.0,0.9,0.3,1.4,2.8,9.4
Rodney Hood,SF,28,POR,38,5,726,3.6,10.0,0.4,0.6,1.2,4.2,2.4,5.8,0.9,2.7,3.6,2.3,1.0,0.2,1.5,2.9,8.9
Rodney Hood,SF,28,TOR,17,0,216,3.5,9.8,2.5,2.7,1.5,4.8,2.0,5.0,0.8,4.2,5.0,1.0,0.7,0.5,0.8,2.5,11.0
Al Horford,C,34,OKC,28,28,782,7.5,16.6,0.8,1.0,2.6,7.0,4.9,9.6,1.3,7.3,8.7,4.3,1.2,1.2,1.3,2.2,18.3
Talen Horton-Tucker,SG,20,LAL,65,4,1304,6.2,13.5,2.8,3.6,1.0,3.6,5.2,9.9,0.7,4.0,4.7,5.0,1.7,0.6,2.9,3.5,16.2
Danuel House,SF,27,HOU,36,23,932,4.2,10.5,1.6,2.4,2.1,6.0,2.2,4.5,0.7,4.4,5.1,2.7,0.8,0.6,1.4,2.6,12.2
Dwight Howard,C,35,PHI,69,6,1196,5.4,9.1,3.6,6.3,0.2,0.6,5.2,8.5,5.7,11.7,17.5,1.8,0.9,1.9,3.4,6.0,14.5
Markus Howard,SG,21,DEN,37,1,205,7.0,18.6,1.2,1.6,3.2,11.4,3.9,7.2,0.2,3.5,3.7,3.2,0.7,0.2,3.2,4.0,18.4
Kevin Huerter,SG,22,ATL,69,49,2126,5.4,12.4,0.8,1.1,2.4,6.5,3.0,5.8,0.6,3.3,3.9,4.1,1.4,0.3,1.3,2.8,13.9
Elijah Hughes,SF,22,UTA,18,0,64,5.6,16.9,1.7,2.3,4.5,12.9,1.1,3.9,0.6,4.5,5.1,3.4,0.6,0.6,3.4,0.6,17.4
De'Andre Hunter,SF,23,ATL,23,19,678,6.4,13.2,3.9,4.5,1.6,5.0,4.7,8.1,0.9,4.9,5.8,2.3,1.0,0.6,1.5,3.1,18.3
Chandler Hutchison,SF,24,TOT,25,1,346,4.1,10.7,2.2,2.6,0.8,2.3,3.2,8.4,0.6,7.5,8.1,1.8,1.2,0.5,2.1,3.4,11.1
Chandler Hutchison,SF,24,CHI,7,0,64,2.8,10.1,1.1,1.1,0.6,1.7,2.3,8.4,0.6,10.7,11.3,2.3,0.6,0.0,2.8,5.1,7.3
Chandler Hutchison,SF,24,WAS,18,1,282,4.3,10.9,2.4,2.9,0.9,2.4,3.4,8.4,0.6,6.8,7.4,1.7,1.4,0.6,1.9,3.1,12.0
Serge Ibaka,C,31,LAC,41,39,955,7.0,13.8,1.6,2.0,1.5,4.3,5.5,9.4,2.8,7.6,10.4,2.8,0.3,1.8,1.7,2.9,17.1
Andre Iguodala,SF,37,MIA,63,5,1339,2.6,6.7,0.7,1.0,1.6,4.9,0.9,1.8,1.0,4.9,5.9,3.8,1.5,0.9,1.8,2.4,7.4
Ersan İlyasova,PF,33,UTA,17,1,148,5.1,13.1,1.2,1.2,4.4,10.0,0.7,3.2,1.7,5.4,7.1,1.0,2.4,0.7,1.9,7.1,15.8
,,,,,,,,,,,,,,,,,,,,,,,
Joe Ingles,SF,33,UTA,67,30,1867,5.3,10.8,1.5,1.7,3.5,7.8,1.8,3.0,0.5,4.2,4.7,6.1,0.9,0.2,2.3,2.3,15.6
Brandon Ingram,SF,23,NOP,61,61,2093,8.8,18.9,4.8,5.5,2.5,6.5,6.4,12.5,0.6,4.6,5.1,5.1,0.7,0.6,2.6,2.1,24.9
Kyrie Irving,PG,28,BRK,54,54,1886,10.5,20.7,3.8,4.2,2.9,7.2,7.6,13.5,1.0,3.9,4.9,6.2,1.5,0.7,2.5,2.7,27.7
Wesley Iwundu,SF,26,TOT,41,4,539,2.3,6.8,1.7,2.1,0.3,2.7,1.9,4.1,1.0,5.0,6.0,1.2,1.0,0.3,1.3,3.3,6.6
Wesley Iwundu,SF,26,DAL,23,3,288,2.1,6.5,1.5,1.7,0.4,2.9,1.7,3.6,0.7,4.7,5.5,1.2,1.1,0.4,0.7,3.2,6.1
Wesley Iwundu,SF,26,NOP,18,1,251,2.4,7.2,2.0,2.4,0.3,2.6,2.2,4.6,1.3,5.3,6.6,1.1,0.9,0.1,1.9,3.3,7.2
Frank Jackson,PG,22,DET,40,6,738,6.5,14.3,3.0,3.7,3.0,7.3,3.6,7.0,0.7,3.5,4.2,1.8,0.7,0.0,1.7,2.6,19.0
Jaren Jackson Jr.,C,21,MEM,11,4,258,7.4,17.4,4.9,5.9,2.4,8.4,5.0,9.1,2.4,6.3,8.7,1.7,1.7,2.5,2.1,5.9,22.0
Josh Jackson,SG,23,DET,62,25,1560,6.8,16.3,3.7,5.0,1.8,5.9,5.1,10.4,1.3,4.5,5.9,3.3,1.2,1.1,3.3,4.1,19.1
Justin Jackson,SF,25,TOT,34,3,577,5.6,13.8,1.9,2.3,2.2,7.3,3.3,6.5,1.0,3.8,4.8,3.2,0.9,0.1,2.0,2.0,15.3
Justin Jackson,SF,25,OKC,33,3,544,5.7,14.0,2.0,2.3,2.3,7.3,3.4,6.7,0.9,3.8,4.7,3.4,1.0,0.1,2.1,2.1,15.6
Justin Jackson,SF,25,MIL,1,0,33,3.3,9.8,1.1,2.2,2.2,6.5,1.1,3.3,2.2,4.4,6.5,1.1,0.0,0.0,1.1,1.1,9.8
Reggie Jackson,SG,30,LAC,67,43,1544,6.1,13.6,1.6,1.9,2.8,6.6,3.3,7.1,0.6,3.9,4.5,4.8,1.0,0.2,1.7,3.0,16.7
Justin James,SF,24,SAC,36,0,310,6.0,12.9,2.4,4.2,1.6,4.4,4.4,8.5,1.0,2.4,3.5,2.6,0.9,0.3,1.7,2.7,16.1
LeBron James,PG,36,LAL,45,45,1504,10.1,19.7,4.3,6.1,2.5,6.8,7.6,12.9,0.7,7.6,8.3,8.4,1.1,0.6,4.0,1.7,27.0
Mike James,PG,30,BRK,13,1,236,5.2,14.0,3.2,4.1,1.7,4.7,3.5,9.3,0.5,4.4,4.9,8.2,0.9,0.2,3.1,1.5,15.3
DaQuan Jeffries,SG,23,TOT,31,5,493,3.7,8.8,0.5,0.6,1.5,4.9,2.2,3.9,1.4,3.8,5.2,1.6,1.1,0.7,1.0,3.5,9.3
DaQuan Jeffries,SG,23,SAC,18,2,232,3.7,8.8,0.9,1.1,1.4,4.3,2.3,4.5,1.4,3.1,4.5,0.9,1.1,0.6,1.2,3.6,9.8
DaQuan Jeffries,SG,23,HOU,13,3,261,3.6,8.7,0.1,0.1,1.5,5.4,2.1,3.3,1.4,4.4,5.8,2.2,1.1,0.8,0.8,3.4,8.8
Ty Jerome,SG,23,OKC,33,1,788,5.8,13.1,1.2,1.6,3.2,7.7,2.6,5.4,0.5,3.7,4.2,5.5,0.9,0.3,2.1,2.8,16.1
Isaiah Joe,SG,21,PHI,41,1,383,4.5,12.5,1.7,2.3,3.7,10.0,0.8,2.5,0.6,2.8,3.4,1.9,1.1,0.4,1.0,3.2,14.4
Alize Johnson,PF,24,BRK,18,0,189,7.6,13.0,2.5,2.5,0.2,1.1,7.4,11.8,5.1,12.0,17.1,2.7,1.0,1.0,1.7,3.0,17.9
Cameron Johnson,PF,24,PHO,60,11,1437,5.1,12.1,1.3,1.5,2.9,8.4,2.2,3.7,0.8,4.2,5.0,2.2,0.9,0.4,1.0,2.1,14.4
James Johnson,PF,33,TOT,51,12,1043,5.0,11.3,1.6,2.6,1.1,4.1,4.0,7.1,1.1,5.0,6.1,3.4,1.4,1.4,1.9,4.1,12.7
James Johnson,PF,33,DAL,29,1,504,4.8,10.4,1.2,2.1,1.1,4.3,3.7,6.1,1.0,5.1,6.1,3.6,1.7,1.6,1.9,4.2,11.9
James Johnson,PF,33,NOP,22,11,539,5.3,12.2,1.9,3.1,1.1,4.0,4.2,8.1,1.2,4.9,6.1,3.2,1.2,1.3,1.9,4.1,13.5
Keldon Johnson,SF,21,SAS,69,67,1968,6.2,12.9,2.7,3.6,1.1,3.3,5.1,9.6,1.7,5.8,7.5,2.2,0.7,0.4,1.4,2.6,16.1
Stanley Johnson,PF,24,TOR,61,13,1006,3.2,8.3,1.6,2.0,1.6,4.9,1.6,3.4,1.0,4.4,5.5,3.2,1.9,0.6,1.9,4.2,9.6
,,,,,,,,,,,,,,,,,,,,,,,
Tyler Johnson,SG,28,BRK,39,3,684,3.8,9.6,0.9,1.1,2.5,6.9,1.3,2.7,0.3,3.7,4.1,2.5,0.7,0.0,0.9,2.3,11.1
Nikola Jokić,C,25,DEN,72,72,2488,10.6,18.7,4.9,5.7,1.3,3.4,9.3,15.3,3.0,8.3,11.3,8.7,1.4,0.7,3.2,2.8,27.5
Damian Jones,C,25,TOT,39,10,547,4.6,6.8,2.8,3.8,0.1,0.3,4.5,6.4,2.4,5.6,8.0,1.9,0.7,1.9,1.7,5.1,12.0
Damian Jones,C,25,PHO,14,0,94,3.1,6.1,2.3,4.2,0.0,0.4,3.1,5.7,2.7,4.2,6.9,1.5,0.4,1.9,2.3,7.3,8.4
Damian Jones,C,25,LAL,8,6,112,5.1,5.5,3.5,3.9,0.0,0.0,5.1,5.5,2.6,5.8,8.4,0.3,0.3,2.3,1.6,7.1,13.8
Damian Jones,C,25,SAC,17,4,341,4.9,7.4,2.6,3.7,0.1,0.4,4.8,7.0,2.2,5.9,8.1,2.5,1.0,1.8,1.6,3.8,12.5
Derrick Jones Jr.,SF,23,POR,58,43,1318,4.0,8.3,1.6,2.5,1.2,3.7,2.8,4.6,2.1,3.5,5.6,1.3,1.0,1.5,0.9,3.5,10.8
Mason Jones,SG,22,TOT,32,1,334,5.6,13.3,4.3,6.9,2.6,7.1,3.0,6.1,0.8,5.2,5.9,4.5,0.8,0.1,3.1,2.6,18.1
Mason Jones,SG,22,HOU,26,1,307,5.5,13.4,4.1,6.7,2.7,7.5,2.8,5.9,0.5,5.5,6.0,4.6,0.7,0.1,3.3,2.6,17.8
Mason Jones,SG,22,PHI,6,0,27,6.7,12.0,6.7,9.3,1.3,2.7,5.3,9.3,4.0,1.3,5.3,4.0,1.3,0.0,1.3,2.7,21.3
Tre Jones,PG,21,SAS,37,1,269,5.0,10.4,2.3,2.5,0.4,0.7,4.6,9.8,1.1,1.7,2.8,5.2,1.1,0.0,1.7,1.7,12.6
Tyus Jones,PG,24,MEM,70,9,1222,5.2,12.2,1.2,1.3,1.3,4.1,3.9,8.0,0.6,3.5,4.1,7.6,1.9,0.2,1.4,0.9,13.0
DeAndre Jordan,C,32,BRK,57,43,1246,5.5,7.2,1.3,2.7,0.0,0.0,5.5,7.2,3.4,9.0,12.3,2.7,0.5,1.9,2.5,3.4,12.3
Cory Joseph,PG,29,TOT,63,13,1446,5.0,10.6,1.8,2.2,1.1,3.3,3.9,7.3,0.9,3.1,4.0,5.3,1.5,0.4,2.0,3.5,12.9
Cory Joseph,PG,29,SAC,44,2,944,4.2,9.5,1.4,1.8,1.2,3.6,3.1,5.9,1.0,2.8,3.8,4.1,1.5,0.3,1.7,3.7,11.0
Cory Joseph,PG,29,DET,19,11,502,6.4,12.6,2.6,2.9,1.0,2.7,5.4,9.9,0.7,3.6,4.3,7.5,1.6,0.6,2.5,2.9,16.4
Mfiondu Kabengele,PF,23,TOT,39,0,280,4.2,11.4,2.1,2.6,1.7,6.4,2.6,5.0,1.5,6.2,7.7,2.2,1.0,1.7,1.9,4.6,12.2
Mfiondu Kabengele,PF,23,LAC,23,0,94,3.4,12.3,1.9,2.3,1.5,6.9,1.9,5.4,0.4,5.0,5.4,1.9,0.8,1.1,2.3,6.9,10.3
Mfiondu Kabengele,PF,23,CLE,16,0,186,4.6,11.0,2.1,2.7,1.7,6.2,2.9,4.8,2.1,6.8,8.9,2.3,1.2,1.9,1.7,3.5,13.2
Frank Kaminsky,C,27,PHO,47,13,715,6.1,12.9,1.9,3.0,1.6,4.3,4.5,8.7,1.8,7.7,9.5,4.0,0.7,0.9,1.1,3.5,15.6
Enes Kanter,C,28,POR,72,35,1758,6.9,11.5,2.6,3.4,0.0,0.1,6.9,11.4,5.8,10.5,16.3,1.7,0.7,1.0,1.6,3.4,16.5
Luke Kennard,SG,24,LAC,63,17,1232,5.8,12.1,0.8,0.9,2.9,6.5,2.8,5.6,0.4,4.3,4.7,3.0,0.7,0.3,1.4,2.7,15.2
Louis King,SF,21,SAC,6,1,85,7.2,14.4,2.5,2.5,1.7,4.7,5.5,9.7,2.1,5.5,7.6,3.8,3.0,1.3,1.7,3.8,18.6
Maxi Kleber,PF,29,DAL,50,40,1341,3.1,7.4,0.9,1.0,2.3,5.7,0.8,1.7,1.3,5.7,7.0,1.8,0.6,0.9,0.8,2.8,9.5
Nathan Knight,PF,23,ATL,33,0,279,4.8,12.9,5.7,7.1,0.8,4.3,4.0,8.6,3.5,5.8,9.3,1.0,1.2,1.3,1.9,2.8,16.0
Kevin Knox,SF,21,NYK,42,0,464,4.3,11.1,1.2,1.6,2.7,6.9,1.6,4.2,0.8,4.0,4.7,1.5,0.9,0.5,1.3,2.9,12.6
John Konchar,SG,24,MEM,43,0,575,4.3,8.6,1.6,1.9,1.3,3.5,3.0,5.1,2.2,5.8,8.0,2.9,1.9,0.6,1.1,2.5,11.5
Furkan Korkmaz,SG,23,PHI,55,11,1062,5.8,14.4,2.0,2.8,3.4,9.1,2.3,5.3,0.6,3.3,3.8,2.8,1.7,0.3,1.6,2.2,17.0
Luke Kornet,C-PF,25,TOT,31,2,348,4.6,10.4,0.3,0.6,1.6,6.1,3.0,4.3,1.4,5.5,6.9,2.5,0.4,3.3,0.7,2.1,11.0
Luke Kornet,PF,25,CHI,13,0,94,3.4,10.3,0.8,1.5,2.3,8.8,1.1,1.5,0.4,5.4,5.7,1.5,0.8,2.7,0.4,0.4,10.0
Luke Kornet,C,25,BOS,18,2,254,5.0,10.5,0.1,0.3,1.3,5.1,3.7,5.4,1.8,5.5,7.4,2.8,0.3,3.5,0.9,2.7,11.3
,,,,,,,,,,,,,,,,,,,,,,,
Rodions Kurucs,SF-PF,22,TOT,21,0,125,3.2,9.2,0.9,1.2,1.7,6.0,1.4,3.2,1.4,5.2,6.6,2.9,2.6,1.2,3.7,4.6,8.9
Rodions Kurucs,PF,22,BRK,5,0,16,2.3,6.8,0.0,0.0,2.3,4.5,0.0,2.3,0.0,6.8,6.8,4.5,0.0,0.0,0.0,2.3,6.8
Rodions Kurucs,SF,22,HOU,11,0,75,2.4,10.1,0.5,1.0,1.0,7.2,1.4,2.9,1.0,4.3,5.3,1.9,2.9,1.9,4.3,3.4,6.2
Rodions Kurucs,SF,22,MIL,5,0,34,5.3,8.5,2.1,2.1,3.2,4.2,2.1,4.2,3.2,6.4,9.5,4.2,3.2,0.0,4.2,8.5,15.9
Kyle Kuzma,SF,25,LAL,68,32,1954,6.2,13.9,1.2,1.8,2.5,7.0,3.6,6.9,2.0,5.7,7.7,2.3,0.6,0.8,2.1,2.2,16.1
Anthony Lamb,SF,23,HOU,24,3,415,4.0,10.2,1.6,1.8,2.0,6.2,2.0,4.1,2.3,3.7,6.1,2.0,0.5,0.4,1.6,2.9,11.5
Jeremy Lamb,SG,28,IND,36,8,765,5.6,13.0,3.3,3.5,2.4,6.0,3.2,7.0,1.2,5.0,6.2,2.5,1.6,1.1,1.0,3.4,17.1
Romeo Langford,SG,21,BOS,18,4,283,2.7,7.5,1.1,1.5,0.6,2.3,2.0,5.2,1.5,2.9,4.5,1.7,0.8,0.6,1.3,3.1,7.1
Zach LaVine,SG,25,CHI,58,58,2034,10.1,19.9,4.5,5.3,3.5,8.4,6.5,11.4,0.6,4.5,5.1,5.0,0.8,0.5,3.6,2.4,28.2
Jake Layman,SF,26,MIN,45,11,627,5.2,10.6,1.5,2.1,1.3,4.5,3.9,6.1,0.7,3.1,3.8,1.6,1.7,1.1,1.5,2.5,13.3
T.J. Leaf,PF,23,POR,7,0,35,5.1,10.3,2.1,2.1,0.0,0.0,5.1,10.3,0.0,5.1,5.1,1.0,2.1,1.0,2.1,1.0,12.3
Jalen Lecque,PG,20,IND,4,0,12,3.0,27.0,9.0,9.0,0.0,3.0,3.0,24.0,6.0,9.0,15.0,6.0,0.0,0.0,0.0,0.0,15.0
Damion Lee,SG,28,GSW,57,1,1079,4.3,9.1,1.3,1.5,2.6,6.5,1.7,2.7,0.7,5.3,6.0,2.4,1.3,0.3,1.0,3.0,12.4
Saben Lee,PG,21,DET,48,7,781,4.6,9.7,2.8,4.1,0.4,1.1,4.2,8.6,0.9,3.5,4.5,8.0,1.5,0.6,2.5,3.5,12.3
Alex Len,C,27,TOT,64,42,979,6.3,10.2,2.7,4.3,0.3,0.9,6.0,9.3,2.9,6.7,9.6,1.8,0.7,2.4,2.0,4.7,15.6
Alex Len,C,27,TOR,7,2,76,2.4,4.7,1.4,2.8,1.4,2.8,0.9,1.9,0.0,5.2,5.2,1.4,0.5,2.8,3.8,4.7,7.6
Alex Len,C,27,WAS,57,40,903,6.6,10.7,2.8,4.4,0.2,0.8,6.4,9.9,3.1,6.8,9.9,1.8,0.8,2.3,1.9,4.7,16.2
Kawhi Leonard,SF,29,LAC,52,52,1773,9.4,18.4,5.3,6.0,2.1,5.2,7.4,13.3,1.1,5.7,6.8,5.5,1.6,0.4,2.1,1.7,26.2
Meyers Leonard,C,28,MIA,3,2,29,3.7,8.7,1.2,2.5,3.7,8.7,0.0,0.0,0.0,8.7,8.7,2.5,0.0,0.0,2.5,6.2,12.4
Caris LeVert,SG,26,TOT,47,39,1486,8.7,19.7,3.5,4.4,2.0,6.3,6.7,13.5,0.8,4.4,5.2,5.9,1.6,0.7,2.5,2.5,23.0
Caris LeVert,SG,26,BRK,12,4,334,9.4,21.6,2.8,3.7,2.4,6.8,7.0,14.8,1.1,4.5,5.6,7.8,1.4,0.6,2.8,2.2,23.9
Caris LeVert,SG,26,IND,35,35,1152,8.5,19.2,3.7,4.6,1.9,6.1,6.6,13.1,0.7,4.3,5.1,5.4,1.7,0.7,2.4,2.7,22.7
Kira Lewis Jr.,PG,19,NOP,54,0,904,5.2,13.4,1.7,2.0,1.6,4.8,3.6,8.6,0.5,2.3,2.8,4.9,1.5,0.4,1.4,3.5,13.7
Damian Lillard,PG,30,POR,67,67,2398,9.0,20.0,6.7,7.3,4.1,10.6,4.9,9.5,0.5,3.8,4.2,7.6,0.9,0.3,3.0,1.5,28.9
Nassir Little,PF,20,POR,48,2,640,4.4,9.4,2.0,2.5,1.6,4.5,2.8,4.9,1.8,5.4,7.2,1.3,0.3,0.7,1.0,2.9,12.4
Kevon Looney,C,24,GSW,61,34,1161,3.3,6.1,1.0,1.5,0.1,0.5,3.2,5.6,3.6,6.4,10.0,3.7,0.7,0.7,1.1,4.2,7.8
Brook Lopez,C,32,MIL,70,70,1902,6.1,12.1,2.3,2.7,1.8,5.3,4.3,6.8,2.0,4.6,6.6,0.9,0.8,1.9,1.2,2.8,16.3
,,,,,,,,,,,,,,,,,,,,,,,
Robin Lopez,C,32,WAS,71,9,1354,7.2,11.3,2.6,3.6,0.1,0.5,7.0,10.8,3.7,3.5,7.2,1.5,0.4,1.2,2.0,2.9,17.1
Didi Louzada,SF,21,NOP,3,0,56,1.9,8.4,0.0,0.0,1.3,5.1,0.6,3.2,0.6,1.3,1.9,1.9,1.3,0.0,1.9,3.2,5.1
Kevin Love,PF,32,CLE,25,25,622,6.0,14.6,2.4,3.0,3.3,9.0,2.7,5.6,1.0,9.8,10.8,3.6,0.9,0.1,2.2,1.5,17.7
Kyle Lowry,PG,34,TOR,46,46,1601,5.8,13.4,3.1,3.6,2.9,7.4,2.9,6.0,0.8,4.8,5.6,7.6,1.0,0.3,2.8,3.2,17.8
Timothé Luwawu-Cabarrot,SF,25,BRK,58,7,1050,4.5,12.2,1.2,1.5,2.6,8.2,1.9,4.0,1.0,3.5,4.4,2.4,1.1,0.2,1.5,3.4,12.7
Trey Lyles,PF,25,SAS,23,9,358,4.3,9.1,1.5,2.3,1.4,4.0,2.9,5.0,0.9,7.7,8.6,1.4,0.6,0.1,0.6,1.3,11.6
Will Magnay,C,22,NOP,1,0,3,0.0,12.0,0.0,0.0,0.0,12.0,0.0,0.0,0.0,0.0,0.0,0.0,0.0,0.0,12.0,12.0,0.0
Thon Maker,C,23,CLE,8,0,76,4.7,8.5,4.7,5.2,0.0,0.9,4.7,7.6,3.8,4.7,8.5,1.9,0.9,1.9,1.4,3.3,14.2
Théo Maledon,PG,19,OKC,65,49,1778,4.6,12.4,2.0,2.7,2.1,6.3,2.4,6.1,0.5,3.8,4.3,4.6,1.1,0.2,2.9,2.6,13.3
Karim Mané,PG,20,ORL,10,0,88,1.2,5.3,1.6,2.0,0.4,0.8,0.8,4.5,0.4,5.3,5.7,1.6,0.0,0.8,1.2,4.1,4.5
Terance Mann,SG,24,LAC,67,10,1263,5.1,10.0,2.2,2.7,1.1,2.6,4.0,7.4,1.6,5.3,6.9,3.0,0.8,0.4,1.1,3.6,13.5
Nico Mannion,PG,19,GSW,30,1,364,3.9,11.3,2.3,2.8,2.2,5.9,1.7,5.3,0.6,4.0,4.5,6.9,1.6,0.1,3.1,2.9,12.2
Boban Marjanović,C,32,DAL,33,3,271,8.2,16.2,4.1,5.0,0.1,1.1,8.1,15.1,6.2,10.8,17.0,1.3,0.3,0.8,1.6,3.9,20.7
Lauri Markkanen,PF,23,CHI,51,26,1317,6.8,14.2,2.1,2.5,3.3,8.1,3.6,6.2,1.0,6.4,7.3,1.2,0.7,0.4,1.4,2.1,19.0
Naji Marshall,SF,23,NOP,32,10,700,4.2,10.7,2.7,3.9,1.5,4.3,2.7,6.5,0.8,6.8,7.6,4.5,1.3,0.5,2.0,3.0,12.7
Caleb Martin,SF,25,CHO,53,3,818,4.2,11.3,1.8,2.8,1.4,5.5,2.9,5.8,1.4,4.8,6.2,2.9,1.6,0.5,1.5,2.7,11.6
Cody Martin,SF,25,CHO,52,10,849,3.5,8.0,1.1,1.8,0.7,2.5,2.8,5.5,2.2,4.6,6.8,3.6,1.6,0.5,1.7,2.2,8.8
Jeremiah Martin,PG,24,CLE,9,0,75,4.3,15.8,0.5,2.4,1.4,5.8,2.9,10.1,1.0,2.4,3.4,1.9,2.4,1.0,2.9,0.5,10.6
Kelan Martin,SF,25,IND,35,0,322,6.9,15.4,1.0,1.1,2.7,6.7,4.2,8.7,2.0,6.7,8.7,1.9,1.1,1.1,1.8,3.9,17.6
Kenyon Martin Jr.,SF,20,HOU,45,8,1068,5.5,10.7,2.0,2.8,1.2,3.2,4.3,7.5,2.5,5.7,8.2,1.6,1.0,1.4,1.3,3.0,14.1
,,,,,,,,,,,,,,,,,,,,,,,
Frank Mason III,PG,26,ORL,4,1,79,4.1,10.9,2.3,3.2,0.9,2.3,3.2,8.7,1.4,4.1,5.5,5.5,0.0,0.0,2.3,3.2,11.4
Garrison Mathews,SG,24,WAS,64,24,1038,3.4,8.2,2.9,3.3,2.6,6.9,0.7,1.4,0.6,2.5,3.0,0.9,1.0,0.2,0.3,3.7,12.3
Dakota Mathias,SG,25,PHI,8,2,123,5.6,14.0,0.6,1.8,2.3,7.6,3.2,6.4,0.3,1.8,2.0,3.8,0.3,0.9,0.3,2.0,14.0
Wesley Matthews,SG,34,LAL,58,10,1130,2.8,8.0,1.1,1.3,2.1,6.3,0.7,1.8,0.6,2.3,3.0,1.7,1.2,0.5,0.8,2.5,8.9
Tyrese Maxey,SG,20,PHI,61,8,935,7.6,16.5,2.3,2.7,1.2,4.0,6.4,12.6,0.4,3.6,4.0,4.6,1.0,0.5,1.6,3.0,18.8
Skylar Mays,SG,23,ATL,33,0,269,5.9,13.1,2.9,3.3,1.9,5.4,4.0,7.8,1.3,3.3,4.7,4.0,1.9,0.3,1.2,2.0,16.6
Patrick McCaw,SF,25,TOR,5,0,33,1.1,1.1,3.3,3.3,0.0,0.0,1.1,1.1,1.1,2.2,3.3,4.4,2.2,0.0,0.0,6.5,5.5
CJ McCollum,SG,29,POR,47,47,1600,9.1,19.9,2.4,3.0,3.8,9.5,5.3,10.4,0.7,3.5,4.2,5.0,1.0,0.5,1.5,2.0,24.5
T.J. McConnell,PG,28,IND,69,3,1796,5.5,9.8,0.7,1.0,0.3,1.0,5.2,8.9,1.1,4.0,5.1,9.1,2.6,0.5,2.7,2.3,11.9
Jaden McDaniels,PF,20,MIN,63,27,1511,3.9,8.7,0.6,1.1,1.7,4.7,2.2,4.0,1.2,4.3,5.5,1.7,0.8,1.4,1.1,4.1,10.2
Jalen McDaniels,SF,23,CHO,47,18,904,5.3,11.3,1.8,2.5,1.4,4.2,3.9,7.1,1.8,4.9,6.7,2.1,1.1,0.8,1.8,3.8,13.8
Doug McDermott,PF,29,IND,66,29,1619,7.9,14.8,1.8,2.2,2.5,6.4,5.4,8.4,1.3,3.6,4.9,1.9,0.4,0.1,1.2,2.6,20.0
Sean McDermott,SF,24,MEM,18,0,158,3.0,7.5,1.8,1.8,1.1,5.0,1.8,2.5,1.4,3.0,4.3,0.9,0.5,0.7,0.9,1.8,8.9
JaVale McGee,C,33,TOT,46,2,678,7.6,15.0,2.3,3.6,0.3,1.3,7.4,13.7,4.1,8.6,12.7,2.1,1.0,2.9,3.2,6.4,17.9
JaVale McGee,C,33,CLE,33,1,503,8.0,15.4,2.6,3.9,0.4,1.4,7.7,14.0,3.9,8.3,12.2,2.4,1.1,2.9,3.2,5.7,19.0
JaVale McGee,C,33,DEN,13,1,175,6.6,13.8,1.6,2.5,0.0,0.8,6.6,13.0,4.7,9.5,14.2,1.2,0.6,2.9,3.1,8.4,14.8
Rodney McGruder,SG,29,DET,16,2,194,6.9,13.0,1.1,1.5,2.0,4.5,4.8,8.5,1.5,2.6,4.1,3.0,1.5,0.2,1.3,2.2,16.9
Alfonzo McKinnie,SF,28,LAL,39,0,258,6.7,13.0,1.4,2.5,2.2,5.4,4.5,7.5,3.1,4.5,7.5,0.8,1.0,0.0,0.7,3.6,17.0
Jordan McLaughlin,PG,24,MIN,51,2,938,3.8,9.3,0.9,1.2,1.3,3.5,2.6,5.8,0.8,3.3,4.1,7.4,2.0,0.2,2.0,1.7,9.8
Ben McLemore,SG,27,TOT,53,5,905,5.4,14.5,1.6,2.1,3.9,11.1,1.5,3.4,0.6,3.4,4.0,1.6,0.9,0.4,1.7,3.5,16.2
Ben McLemore,SG,27,HOU,32,4,537,5.4,15.0,1.5,2.1,3.7,11.1,1.7,3.9,0.7,3.7,4.4,1.9,1.3,0.2,1.9,3.4,16.0
Ben McLemore,SG,27,LAL,21,1,368,5.4,13.8,1.6,2.1,4.1,11.2,1.3,2.6,0.4,2.9,3.3,1.1,0.3,0.6,1.4,3.6,16.4
Nicolò Melli,PF,30,TOT,45,4,566,2.9,9.0,1.2,1.6,1.5,5.4,1.5,3.6,1.8,5.9,7.8,2.8,0.9,0.2,0.8,3.7,8.5
Nicolò Melli,PF,30,NOP,22,0,241,2.2,8.8,0.9,1.0,1.0,5.5,1.2,3.3,1.8,6.7,8.5,3.7,1.3,0.1,1.0,4.2,6.4
Nicolò Melli,PF,30,DAL,23,4,325,3.4,9.1,1.4,2.0,1.8,5.3,1.7,3.8,1.9,5.3,7.2,2.1,0.6,0.2,0.6,3.3,10.1
De'Anthony Melton,PG,22,MEM,52,1,1045,5.9,13.5,1.4,1.8,3.0,7.3,2.9,6.3,1.0,4.5,5.5,4.5,2.1,1.1,2.3,2.9,16.3
,,,,,,,,,,,,,,,,,,,,,,,
Sam Merrill,SG,24,MIL,30,2,233,4.9,11.1,0.6,0.6,3.2,7.3,1.7,3.9,0.9,3.7,4.6,3.2,1.2,0.2,1.5,2.6,13.8
Chimezie Metu,C,23,SAC,36,6,488,6.7,13.2,2.3,3.2,1.0,2.7,5.8,10.5,2.3,6.0,8.3,2.1,1.0,1.3,2.1,4.4,16.7
Khris Middleton,SF,29,MIL,68,68,2269,8.1,17.0,3.4,3.7,2.4,5.8,5.7,11.2,0.9,5.6,6.4,5.9,1.2,0.1,2.8,2.5,22.0
Darius Miller,SF,30,OKC,18,0,197,4.0,8.8,2.2,2.2,3.1,7.7,0.9,1.1,0.4,4.0,4.4,3.8,2.4,0.9,1.5,2.4,13.3
Patty Mills,PG,32,SAS,68,1,1685,5.4,13.1,1.5,1.7,3.4,9.2,1.9,3.9,0.4,2.1,2.5,3.5,0.9,0.1,1.4,1.7,15.7
Paul Millsap,PF,35,DEN,56,36,1162,5.9,12.4,2.2,3.0,1.5,4.4,4.4,8.0,2.4,5.8,8.1,3.0,1.6,1.1,1.6,3.4,15.6
Shake Milton,SG,24,PHI,63,4,1461,7.4,16.4,3.6,4.3,1.7,5.0,5.6,11.4,0.8,2.8,3.6,4.8,1.0,0.4,2.5,3.2,20.1
Donovan Mitchell,PG,24,UTA,53,53,1771,9.7,22.2,5.4,6.4,3.6,9.4,6.1,12.8,1.0,3.8,4.8,5.6,1.1,0.3,3.0,2.4,28.5
Adam Mokoka,SG,22,CHI,14,0,56,4.5,12.2,0.0,0.6,0.6,6.4,3.9,5.8,0.6,2.6,3.2,3.2,1.3,0.6,3.2,3.2,9.6
Malik Monk,SG,22,CHO,42,0,878,7.1,16.4,2.4,3.0,3.5,8.7,3.6,7.7,0.6,3.6,4.1,3.6,0.8,0.2,2.3,1.9,20.1
E'Twaun Moore,SG,31,PHO,27,1,389,5.1,11.2,1.1,1.3,1.0,3.2,4.1,8.0,1.3,2.9,4.2,3.7,1.4,0.5,2.1,3.0,12.3
Ja Morant,PG,21,MEM,63,63,2053,7.5,16.8,4.8,6.5,1.3,4.2,6.3,12.6,1.0,3.4,4.4,8.2,1.0,0.2,3.6,1.5,21.1
Juwan Morgan,PF,23,UTA,29,0,147,3.4,7.3,0.7,1.7,1.0,3.2,2.4,4.2,2.2,4.7,6.9,2.2,1.0,0.2,1.0,5.1,8.6
Marcus Morris,PF,31,LAC,57,29,1502,6.6,14.0,1.7,2.1,3.4,7.1,3.3,6.9,0.8,4.8,5.6,1.4,0.8,0.4,1.4,2.8,18.3
Markieff Morris,PF,31,LAL,61,27,1200,4.6,11.3,1.1,1.5,1.9,6.3,2.6,5.1,1.4,6.5,8.0,2.2,0.7,0.6,1.6,3.2,12.2
Monte Morris,PG,25,DEN,47,13,1196,5.6,11.6,1.7,2.2,1.5,4.0,4.1,7.6,0.3,2.6,2.9,4.5,1.0,0.4,1.0,1.4,14.5
Mychal Mulder,PG,26,GSW,60,6,766,5.6,12.5,0.7,1.0,4.0,10.1,1.6,2.4,0.4,2.4,2.8,1.2,0.6,0.6,0.8,2.6,15.8
Dejounte Murray,PG,24,SAS,67,67,2139,7.4,16.4,1.8,2.3,1.1,3.3,6.4,13.0,1.0,7.0,8.0,6.1,1.7,0.1,2.0,2.3,17.7
Jamal Murray,PG,23,DEN,48,48,1704,8.0,16.7,2.8,3.2,2.7,6.7,5.3,10.1,0.8,3.3,4.1,4.9,1.4,0.3,2.3,2.0,21.5
Mike Muscala,C,29,OKC,35,0,645,6.6,14.9,1.8,2.0,3.8,10.3,2.8,4.6,1.1,6.3,7.4,1.6,0.4,0.6,1.2,3.0,18.9
,,,,,,,,,,,,,,,,,,,,,,,
Svi Mykhailiuk,SF-SG,23,TOT,66,14,1324,5.7,13.8,1.0,1.4,2.9,8.5,2.8,5.2,0.7,3.8,4.4,3.0,1.4,0.3,2.4,1.7,15.2
Svi Mykhailiuk,SF,23,DET,36,5,634,4.8,12.7,1.4,1.7,3.2,9.7,1.5,3.0,0.6,3.6,4.2,3.2,1.5,0.3,2.2,1.9,14.1
Svi Mykhailiuk,SG,23,OKC,30,9,690,6.5,14.8,0.7,1.0,2.5,7.5,4.0,7.3,0.7,4.0,4.6,2.8,1.3,0.3,2.6,1.6,16.2
Abdel Nader,SF,27,PHO,24,0,355,5.8,11.8,2.8,3.8,1.8,4.4,4.0,7.4,0.7,5.6,6.3,1.9,1.0,0.9,1.9,3.4,16.2
Larry Nance Jr.,PF,28,CLE,35,27,1091,4.2,9.0,1.0,1.6,1.4,3.8,2.9,5.2,1.8,6.0,7.8,3.5,2.0,0.6,1.8,2.4,10.8
Aaron Nesmith,SF,21,BOS,46,1,669,4.2,9.6,1.2,1.5,2.2,5.8,2.0,3.8,1.5,5.3,6.8,1.2,0.8,0.5,1.2,4.7,11.7
Raul Neto,PG,28,WAS,64,22,1403,5.4,11.5,1.9,2.2,1.6,4.2,3.7,7.3,0.7,3.3,4.0,3.7,1.9,0.2,1.4,2.8,14.3
Georges Niang,PF,27,UTA,72,10,1154,5.5,12.6,0.7,0.7,3.9,9.1,1.7,3.5,0.9,4.6,5.5,1.8,0.8,0.2,1.6,3.6,15.6
Zeke Nnaji,PF,20,DEN,42,1,397,4.5,9.4,1.1,1.4,2.2,5.4,2.4,4.1,1.3,4.6,5.9,0.9,0.7,0.4,0.6,2.6,12.3
Nerlens Noel,C,26,NYK,64,41,1547,3.2,5.2,1.2,1.6,0.0,0.1,3.2,5.1,3.3,6.2,9.5,1.1,1.6,3.3,1.5,4.1,7.5
Jaylen Nowell,SG,21,MIN,42,0,759,6.7,15.9,2.1,2.6,2.4,7.1,4.4,8.8,0.9,3.6,4.5,2.9,1.0,0.6,1.3,3.4,18.0
Frank Ntilikina,PG,22,NYK,33,4,322,3.2,8.8,0.9,2.0,2.6,5.4,0.7,3.5,0.7,2.8,3.5,2.1,2.0,0.4,1.2,5.0,10.0
Kendrick Nunn,PG,25,MIA,56,44,1650,7.0,14.4,1.2,1.3,2.7,7.0,4.3,7.4,0.5,3.4,3.9,3.2,1.1,0.3,1.7,2.4,17.8
James Nunnally,SF,30,NOP,9,0,48,3.7,9.7,0.7,1.5,3.0,9.0,0.7,0.7,1.5,5.2,6.8,2.3,0.0,0.0,1.5,0.7,11.3
Jusuf Nurkić,C,26,POR,37,37,880,7.0,13.6,2.9,4.6,0.5,1.2,6.5,12.4,3.5,10.1,13.6,5.1,1.6,1.6,3.0,4.2,17.3
David Nwaba,SF,28,HOU,30,9,679,5.6,11.6,2.5,3.6,0.9,3.3,4.7,8.2,2.1,4.1,6.3,1.6,1.6,1.1,0.9,3.2,14.6
Jordan Nwora,SF,22,MIL,30,2,274,8.1,17.7,2.5,3.3,3.7,8.1,4.5,9.6,1.2,6.7,7.9,0.9,2.1,0.9,3.2,2.9,22.5
Royce O'Neale,SF,27,UTA,71,71,2241,2.8,6.3,0.6,0.7,1.7,4.5,1.1,1.9,1.4,6.4,7.8,2.9,0.9,0.5,1.3,2.9,8.0
Semi Ojeleye,PF,26,BOS,56,15,950,3.4,8.4,0.9,1.2,2.2,6.0,1.2,2.4,1.2,4.4,5.6,1.4,0.6,0.0,0.8,2.1,9.9
Jahlil Okafor,C,25,DET,27,2,347,6.5,10.6,1.8,2.5,0.2,0.9,6.3,9.6,2.4,4.5,6.8,1.3,0.6,0.5,2.2,4.0,15.0
Chuma Okeke,PF,22,ORL,45,19,1133,4.3,10.3,1.0,1.3,1.6,4.5,2.7,5.8,1.3,4.4,5.8,3.2,1.5,0.7,1.2,1.5,11.1
Josh Okogie,SG,22,MIN,59,37,1197,3.1,7.6,2.5,3.2,0.9,3.2,2.2,4.4,1.9,2.8,4.7,1.9,1.6,0.8,1.3,3.7,9.5
,,,,,,,,,,,,,,,,,,,,,,,
Onyeka Okongwu,C,20,ATL,50,4,601,5.8,8.9,2.2,3.4,0.0,0.2,5.8,8.7,3.7,6.0,9.8,1.1,1.4,2.0,1.7,6.0,13.7
Isaac Okoro,SG,20,CLE,67,67,2173,3.9,9.3,1.9,2.6,1.0,3.5,2.9,5.7,1.1,2.3,3.4,2.1,1.0,0.4,1.4,3.1,10.7
KZ Okpala,PF,21,MIA,37,9,447,2.9,7.7,0.6,1.2,1.0,4.0,1.9,3.7,1.7,3.8,5.5,1.5,0.8,0.9,1.2,4.8,7.4
Victor Oladipo,SG,28,TOT,33,33,1080,7.8,19.2,3.5,4.6,2.6,8.0,5.2,11.2,0.4,4.9,5.3,5.0,1.5,0.5,2.8,2.7,21.7
Victor Oladipo,SG,28,IND,9,9,300,7.7,18.2,3.2,4.4,3.0,8.3,4.7,10.0,0.1,6.0,6.1,4.6,1.8,0.2,2.2,2.8,21.6
Victor Oladipo,SG,28,HOU,20,20,669,8.3,20.5,3.5,4.5,2.6,8.2,5.7,12.3,0.4,4.7,5.1,5.3,1.3,0.5,2.7,2.4,22.8
Victor Oladipo,SG,28,MIA,4,4,111,5.2,13.9,3.9,5.8,1.3,5.5,3.9,8.4,1.0,3.6,4.5,4.5,2.3,0.6,4.5,4.2,15.6
Cameron Oliver,SF,24,HOU,4,0,87,7.9,13.7,0.4,1.7,1.7,5.4,6.2,8.3,2.1,6.6,8.7,2.1,0.8,1.7,1.2,4.6,17.8
Kelly Olynyk,C-PF,29,TOT,70,62,1997,6.1,12.6,2.6,3.2,2.3,6.6,3.8,5.9,1.6,7.2,8.8,3.7,1.4,0.8,2.3,3.7,17.0
Kelly Olynyk,C,29,MIA,43,38,1157,5.0,11.7,1.0,1.2,2.4,7.6,2.6,4.1,1.4,6.8,8.1,2.8,1.2,0.8,1.7,3.8,13.4
Kelly Olynyk,PF,29,HOU,27,24,840,7.5,13.8,4.9,5.8,2.1,5.4,5.4,8.4,1.8,7.9,9.8,4.8,1.7,0.7,3.0,3.6,22.0
Miye Oni,SG,23,UTA,54,0,519,2.4,6.9,0.3,0.4,2.1,6.1,0.3,0.8,1.6,4.2,5.8,1.9,0.8,0.6,1.1,4.2,7.3
Cedi Osman,SF,25,CLE,59,26,1510,5.2,14.0,1.8,2.3,2.4,7.7,2.9,6.2,0.9,3.9,4.8,4.1,1.3,0.2,1.9,2.8,14.6
Daniel Oturu,C,21,LAC,30,0,161,4.9,11.6,2.0,2.7,0.2,1.1,4.7,10.5,4.7,6.0,10.7,2.2,0.9,1.6,2.0,5.4,12.1
Kelly Oubre Jr.,SF,25,GSW,55,50,1687,6.8,15.4,2.6,3.8,1.9,6.1,4.9,9.4,1.7,5.3,7.0,1.6,1.2,0.9,1.5,2.6,18.1
Jabari Parker,PF,25,TOT,13,0,165,6.5,12.0,2.2,2.8,0.4,2.4,6.1,9.6,2.2,7.0,9.2,2.4,0.2,1.1,2.2,2.8,15.7
Jabari Parker,PF,25,SAC,3,0,27,5.3,9.3,0.0,0.0,0.0,1.3,5.3,8.0,1.3,6.7,8.0,1.3,0.0,1.3,4.0,5.3,10.7
Jabari Parker,PF,25,BOS,10,0,138,6.8,12.5,2.6,3.4,0.5,2.6,6.3,9.9,2.3,7.0,9.4,2.6,0.3,1.0,1.8,2.3,16.7
Eric Paschall,PF,24,GSW,40,2,695,7.7,15.4,3.5,4.9,0.9,2.8,6.7,12.6,1.5,5.2,6.6,2.6,0.6,0.4,2.2,3.5,19.7
Anžejs Pasečņiks,C,25,WAS,1,0,6,0.0,6.0,0.0,0.0,0.0,6.0,0.0,0.0,6.0,0.0,6.0,6.0,0.0,0.0,30.0,12.0,0.0
Patrick Patterson,PF,31,LAC,38,5,582,4.5,10.2,0.8,1.1,2.5,6.9,2.0,3.3,1.2,3.5,4.6,1.8,0.9,0.5,0.7,2.8,12.2
Justin Patton,C,23,HOU,13,6,247,4.2,10.2,0.4,0.6,1.3,5.0,2.9,5.2,2.0,5.1,7.1,2.0,1.7,2.0,0.6,5.0,10.2
Chris Paul,PG,35,PHO,70,70,2199,7.2,14.4,2.8,3.0,1.7,4.2,5.5,10.2,0.4,4.7,5.1,10.2,1.6,0.3,2.6,2.7,18.8
Cameron Payne,PG,26,PHO,60,1,1079,6.4,13.2,1.7,1.9,2.4,5.5,3.9,7.6,0.5,4.3,4.8,7.2,1.2,0.5,2.0,3.2,16.8
Elfrid Payton,PG,26,NYK,63,63,1484,6.5,15.1,1.8,2.6,0.7,2.4,5.8,12.7,1.6,3.7,5.2,4.9,1.1,0.2,2.5,2.8,15.5
Gary Payton II,PG,28,GSW,10,0,40,9.0,11.7,2.7,3.6,1.8,3.6,7.2,8.1,1.8,8.1,9.9,0.9,5.4,0.9,0.9,7.2,22.5
Norvel Pelle,C,27,TOT,13,0,84,3.4,6.4,1.7,2.6,0.0,0.0,3.4,6.4,2.6,5.6,8.1,0.9,0.4,3.9,1.3,6.0,8.6
Norvel Pelle,C,27,BRK,3,0,28,3.9,9.0,0.0,0.0,0.0,0.0,3.9,9.0,3.9,5.1,9.0,0.0,0.0,3.9,3.9,11.6,7.7
Norvel Pelle,C,27,SAC,1,0,4,0.0,9.0,27.0,36.0,0.0,0.0,0.0,9.0,9.0,0.0,9.0,9.0,0.0,0.0,0.0,9.0,27.0
Norvel Pelle,C,27,NYK,9,0,52,3.5,4.8,0.7,1.4,0.0,0.0,3.5,4.8,1.4,6.2,7.6,0.7,0.7,4.2,0.0,2.8,7.6
,,,,,,,,,,,,,,,,,,,,,,,
Reggie Perry,PF,20,BRK,26,0,211,5.5,13.3,1.7,2.2,0.7,3.6,4.8,9.7,4.6,7.8,12.5,2.4,1.0,1.0,2.6,6.8,13.3
Theo Pinson,SG,25,NYK,17,0,34,1.1,9.5,0.0,0.0,0.0,8.5,1.1,1.1,0.0,5.3,5.3,1.1,0.0,0.0,1.1,4.2,2.1
Mason Plumlee,C,30,DET,56,56,1499,5.6,9.2,2.7,4.1,0.0,0.2,5.6,9.0,3.5,9.0,12.5,4.9,1.0,1.2,2.5,4.5,14.0
Jakob Poeltl,C,25,SAS,69,51,1845,5.2,8.4,1.2,2.4,0.0,0.0,5.2,8.4,4.3,6.4,10.7,2.6,0.9,2.4,1.6,3.4,11.6
Vincent Poirier,C,27,PHI,10,0,39,2.8,11.1,1.8,5.5,0.0,0.9,2.8,10.2,5.5,7.4,12.9,1.8,0.0,2.8,3.7,7.4,7.4
Aleksej Pokusevski,PF,19,OKC,45,28,1090,4.6,13.5,1.0,1.4,1.9,6.8,2.7,6.6,1.0,6.0,7.0,3.2,0.7,1.4,3.3,1.9,12.1
Jordan Poole,SG,21,GSW,51,7,988,7.5,17.3,3.8,4.3,3.5,10.1,3.9,7.2,0.5,2.8,3.4,3.6,0.9,0.3,1.9,3.1,22.3
Jontay Porter,PF,21,MEM,11,0,54,5.3,10.0,2.0,3.3,2.0,5.3,3.3,4.7,2.7,6.7,9.3,0.7,2.0,0.7,4.7,8.0,14.7
Kevin Porter Jr.,SG,20,HOU,26,23,835,6.7,15.8,3.0,4.1,2.2,6.9,4.6,8.9,0.9,3.4,4.3,7.1,0.8,0.3,3.9,2.6,18.6
Michael Porter Jr.,SF,22,DEN,61,54,1912,8.3,15.4,2.0,2.5,3.2,7.2,5.1,8.2,1.7,6.7,8.4,1.3,0.8,1.0,1.4,2.4,21.9
Otto Porter,SF-PF,27,TOT,28,6,606,5.8,13.5,2.1,2.5,2.3,6.2,3.5,7.3,1.7,7.4,9.0,3.3,1.0,0.2,1.5,2.4,16.1
Otto Porter,SF,27,CHI,25,6,540,5.9,13.5,2.1,2.5,2.5,6.3,3.4,7.1,1.9,7.3,9.2,3.3,0.8,0.3,1.7,2.5,16.5
Otto Porter,PF,27,ORL,3,0,66,4.9,13.6,2.7,2.7,0.5,4.9,4.4,8.7,0.0,7.6,7.6,2.7,2.2,0.0,0.0,2.2,13.1
Bobby Portis,C,25,MIL,66,7,1372,8.2,15.7,1.4,1.9,1.9,4.1,6.3,11.6,3.3,9.0,12.2,1.9,1.4,0.7,1.5,3.0,19.8
Kristaps Porziņģis,C,25,DAL,43,43,1327,8.8,18.5,3.2,3.7,2.6,7.0,6.2,11.5,2.2,8.1,10.3,1.8,0.5,1.6,1.4,3.1,23.5
Dwight Powell,C,29,DAL,58,19,966,4.5,7.2,3.6,4.6,0.2,0.8,4.3,6.4,3.0,5.7,8.7,2.3,1.3,1.1,1.5,5.0,12.7
Norman Powell,SG-SF,27,TOT,69,58,2205,7.2,15.0,3.9,4.4,2.8,6.8,4.4,8.2,0.7,2.8,3.5,2.1,1.3,0.3,1.9,2.6,20.9
Norman Powell,SG,27,TOR,42,31,1277,7.9,16.0,4.0,4.6,3.3,7.6,4.6,8.4,0.5,3.0,3.6,2.2,1.3,0.2,2.2,2.8,23.2
Norman Powell,SF,27,POR,27,27,928,6.1,13.7,3.7,4.2,2.1,5.7,4.0,8.0,0.9,2.6,3.5,2.0,1.4,0.4,1.6,2.4,17.8
Taurean Prince,PF,26,TOT,41,10,905,5.2,13.0,2.6,3.0,2.5,6.2,2.7,6.8,0.8,4.9,5.6,3.0,1.1,0.9,1.9,3.0,15.5
Taurean Prince,PF,26,BRK,12,4,218,5.0,12.2,4.0,4.5,2.1,6.1,2.8,6.1,0.3,5.3,5.6,1.2,1.3,1.3,1.8,3.5,16.0
Taurean Prince,PF,26,CLE,29,6,687,5.3,13.3,2.1,2.6,2.6,6.2,2.7,7.1,0.9,4.8,5.7,3.6,1.0,0.8,1.9,2.8,15.3
Payton Pritchard,SG,23,BOS,66,4,1268,5.2,11.9,1.1,1.3,2.9,7.0,2.3,4.8,0.9,3.5,4.5,3.4,1.1,0.3,1.5,3.0,14.5
Immanuel Quickley,PG,21,NYK,64,3,1243,6.6,16.8,4.5,5.0,3.4,8.8,3.2,8.0,0.7,3.2,4.0,3.7,0.9,0.3,1.7,3.3,21.2
Jahmi'us Ramsey,SG,19,SAC,13,0,94,5.7,14.6,1.9,1.9,1.9,7.3,3.8,7.3,0.8,3.1,3.8,2.3,1.5,0.4,1.1,3.1,15.3
Chasson Randle,PG,27,ORL,41,5,837,4.0,10.2,1.6,2.1,1.9,5.6,2.1,4.6,0.3,3.2,3.5,3.2,0.9,0.2,2.0,2.8,11.4
,,,,,,,,,,,,,,,,,,,,,,,
Julius Randle,PF,26,NYK,71,71,2667,8.1,17.8,4.7,5.8,2.2,5.3,6.0,12.6,1.1,8.6,9.8,5.8,0.9,0.2,3.3,3.0,23.1
Cam Reddish,SF,21,ATL,26,21,750,4.6,12.6,3.2,3.9,1.6,6.0,3.0,6.6,1.1,3.9,5.0,1.7,1.6,0.4,1.6,3.3,14.0
J.J. Redick,SG,36,TOT,44,0,723,5.3,13.3,2.4,2.6,3.3,8.9,2.0,4.4,0.2,3.0,3.2,2.5,0.5,0.1,1.8,2.5,16.3
J.J. Redick,SG,36,NOP,31,0,576,5.4,13.4,2.8,2.9,3.2,8.7,2.3,4.6,0.2,3.1,3.2,2.5,0.6,0.1,1.6,2.3,16.9
J.J. Redick,SG,36,DAL,13,0,147,4.7,13.0,1.0,1.2,3.7,9.3,1.0,3.7,0.2,2.7,2.9,2.7,0.5,0.2,2.7,3.2,14.0
Paul Reed,PF,21,PHI,26,0,177,8.5,15.9,0.8,1.6,0.0,1.2,8.5,14.6,6.1,6.3,12.4,2.4,2.0,2.6,2.4,5.9,17.9
Naz Reid,C,21,MIN,70,15,1347,8.1,15.5,3.1,4.4,1.6,4.7,6.5,10.9,2.2,6.4,8.6,1.9,0.9,2.0,1.8,4.8,21.0
Cameron Reynolds,SF,25,TOT,5,0,40,5.4,16.2,0.0,0.0,2.7,10.8,2.7,5.4,1.8,2.7,4.5,1.8,0.0,0.0,0.0,1.8,13.5
Cameron Reynolds,SF,25,SAS,3,0,6,6.0,12.0,0.0,0.0,0.0,0.0,6.0,12.0,0.0,0.0,0.0,0.0,0.0,0.0,0.0,0.0,12.0
Cameron Reynolds,SF,25,HOU,2,0,34,5.3,16.9,0.0,0.0,3.2,12.7,2.1,4.2,2.1,3.2,5.3,2.1,0.0,0.0,0.0,2.1,13.8
Nick Richards,PF,23,CHO,18,0,63,2.3,5.1,4.0,6.3,0.0,0.6,2.3,4.6,2.3,4.0,6.3,1.1,0.0,0.0,1.7,4.0,8.6
Josh Richardson,SG,27,DAL,59,56,1790,5.3,12.4,2.0,2.2,1.8,5.4,3.5,7.1,1.0,2.9,3.9,3.1,1.2,0.5,1.6,2.6,14.4
Grant Riller,PG,23,CHO,7,0,27,10.7,16.0,0.0,0.0,2.7,5.3,8.0,10.7,0.0,1.3,1.3,4.0,1.3,0.0,1.3,0.0,24.0
Austin Rivers,SG,28,TOT,36,7,845,4.4,10.4,0.9,1.3,2.3,6.3,2.1,4.1,0.3,3.2,3.5,3.5,1.3,0.1,1.5,2.7,12.1
Austin Rivers,SG,28,NYK,21,2,442,4.7,11.0,0.8,1.1,2.3,6.3,2.4,4.7,0.4,3.4,3.8,3.4,1.0,0.0,1.8,2.6,12.5
Austin Rivers,SG,28,DEN,15,5,403,4.1,9.8,1.1,1.5,2.4,6.4,1.7,3.4,0.3,2.9,3.1,3.5,1.6,0.2,1.3,2.9,11.7
Andre Roberson,SG,29,BRK,5,0,63,1.1,8.0,0.6,1.1,0.6,4.6,0.6,3.4,4.0,4.6,8.6,2.3,1.7,0.6,1.1,2.3,3.4
Duncan Robinson,SF,26,MIA,72,72,2262,5.0,11.4,1.0,1.2,4.0,9.8,1.0,1.7,0.1,3.9,4.0,2.0,0.7,0.3,1.3,2.9,15.0
Glenn Robinson III,SF,27,SAC,23,2,369,4.1,9.7,2.0,2.2,1.6,4.3,2.5,5.4,1.1,3.3,4.4,2.0,0.4,0.3,1.1,2.2,11.8
Jerome Robinson,SG,23,WAS,17,6,305,3.3,11.2,1.9,2.4,1.3,5.0,2.0,6.3,0.5,4.0,4.5,3.0,1.4,0.7,2.2,3.7,9.8
Justin Robinson,PG,23,OKC,9,0,88,2.9,8.6,1.2,2.0,1.6,5.7,1.2,2.9,0.4,2.5,2.9,3.7,1.2,0.0,0.8,4.1,8.6
Mitchell Robinson,C,22,NYK,31,29,853,4.9,7.4,1.1,2.2,0.0,0.0,4.9,7.4,4.8,5.9,10.6,0.7,1.5,1.9,1.1,3.6,10.8
Isaiah Roby,PF,22,OKC,61,34,1425,5.2,10.8,2.2,3.0,0.8,2.8,4.4,8.1,2.2,6.4,8.6,2.7,1.3,0.9,2.9,4.1,13.5
Rajon Rondo,PG,34,TOT,45,3,770,4.4,10.1,0.7,0.8,1.7,4.2,2.8,5.9,0.8,4.3,5.1,9.3,1.7,0.2,3.7,2.5,11.3
Rajon Rondo,PG,34,ATL,27,2,402,3.9,9.9,0.1,0.2,1.5,4.0,2.4,5.8,0.4,4.6,4.9,8.5,1.7,0.2,3.5,2.2,9.5
Rajon Rondo,PG,34,LAC,18,1,368,5.0,10.3,1.5,1.5,1.9,4.3,3.1,6.0,1.4,4.0,5.4,10.2,1.8,0.2,3.9,2.7,13.3
Derrick Rose,PG,32,TOT,50,3,1279,8.1,17.2,3.1,3.6,1.4,3.6,6.7,13.6,0.6,3.1,3.7,5.9,1.4,0.5,2.2,1.6,20.7
Derrick Rose,PG,32,DET,15,0,342,8.3,19.4,4.4,5.3,1.4,4.1,6.9,15.3,0.6,2.4,3.1,6.6,1.9,0.4,3.1,1.8,22.4
Derrick Rose,PG,32,NYK,35,3,937,8.0,16.4,2.6,3.0,1.4,3.5,6.6,12.9,0.5,3.3,3.9,5.6,1.2,0.6,1.9,1.5,20.0
Terrence Ross,SG,29,ORL,46,2,1347,6.8,16.5,3.2,3.7,2.4,7.1,4.4,9.4,0.4,3.8,4.2,2.9,1.3,0.6,2.0,2.4,19.2
,,,,,,,,,,,,,,,,,,,,,,,
Terry Rozier,SG,26,CHO,69,69,2383,7.7,17.1,2.5,3.1,3.4,8.6,4.4,8.5,0.7,3.9,4.6,4.4,1.3,0.4,1.9,1.8,21.3
Ricky Rubio,PG,30,MIN,68,51,1772,3.9,10.1,2.6,3.0,1.3,4.3,2.6,5.8,0.6,4.0,4.5,8.8,2.0,0.1,2.3,2.8,11.8
D'Angelo Russell,PG,24,MIN,42,26,1196,8.5,19.6,3.4,4.5,3.6,9.3,4.8,10.3,0.5,2.9,3.3,7.3,1.4,0.5,3.4,2.0,24.0
Domantas Sabonis,PF,24,IND,62,62,2231,7.8,14.6,3.9,5.3,0.8,2.6,7.0,12.0,2.4,9.6,12.0,6.7,1.2,0.5,3.4,3.3,20.3
Luka Šamanić,PF,21,SAS,33,4,308,5.5,12.3,1.9,3.4,1.4,5.0,4.1,7.2,1.9,6.1,7.9,1.8,0.9,0.9,2.3,5.0,14.3
JaKarr Sampson,PF,27,IND,29,4,316,6.4,12.9,2.2,3.3,0.3,1.7,6.0,11.2,3.1,5.7,8.8,0.5,0.2,1.6,1.7,5.9,15.3
Dario Šarić,C,26,PHO,50,4,871,6.3,14.1,3.5,4.1,1.9,5.6,4.4,8.6,1.9,6.0,7.9,2.7,1.2,0.2,2.4,3.9,18.1
Tomáš Satoranský,SG,29,CHI,58,18,1307,4.7,9.1,1.8,2.2,1.2,3.3,3.5,5.8,0.8,3.1,3.9,7.5,1.1,0.4,2.6,2.5,12.3
Dennis Schröder,SG,27,LAL,61,61,1956,6.1,14.0,3.8,4.5,1.3,3.9,4.8,10.1,0.6,3.3,3.9,6.5,1.3,0.2,3.0,2.9,17.3
Mike Scott,PF,32,PHI,51,12,852,3.2,8.9,0.3,0.5,2.2,6.5,1.0,2.4,0.5,4.6,5.1,1.7,1.0,0.6,0.8,3.0,9.0
Jay Scrubb,SG,20,LAC,4,1,84,6.0,15.4,2.1,2.1,0.9,3.9,5.1,11.6,0.9,5.1,6.0,0.4,1.7,0.0,3.0,2.1,15.0
Collin Sexton,SG,22,CLE,60,60,2115,8.9,18.8,5.3,6.5,1.7,4.5,7.3,14.3,1.0,2.2,3.2,4.5,1.1,0.2,2.8,2.7,24.9
Landry Shamet,SG,23,BRK,61,12,1403,4.8,11.7,1.7,2.0,3.3,8.5,1.5,3.2,0.3,2.6,2.9,2.5,0.8,0.3,1.2,2.4,14.5
Iman Shumpert,SG,30,BRK,2,0,11,3.3,13.1,0.0,0.0,0.0,9.8,3.3,3.3,3.3,0.0,3.3,0.0,3.3,0.0,3.3,0.0,6.5
Pascal Siakam,PF,26,TOR,56,56,2006,7.8,17.2,4.5,5.4,1.3,4.4,6.5,12.8,1.7,5.6,7.3,4.5,1.1,0.7,2.3,3.1,21.5
Chris Silva,PF,24,TOT,15,0,92,3.9,6.3,4.3,5.9,0.4,0.4,3.5,5.9,2.7,7.8,10.6,2.3,0.4,2.3,3.9,9.4,12.5
Chris Silva,PF,24,MIA,11,0,83,3.9,5.6,4.8,6.5,0.4,0.4,3.5,5.2,3.0,7.8,10.8,2.6,0.4,2.2,3.9,8.7,13.0
Chris Silva,PF,24,SAC,4,0,9,4.0,12.0,0.0,0.0,0.0,0.0,4.0,12.0,0.0,8.0,8.0,0.0,0.0,4.0,4.0,16.0,8.0
Ben Simmons,PG,24,PHI,58,58,1877,6.2,11.2,3.4,5.5,0.1,0.2,6.2,11.0,1.8,6.2,8.0,7.7,1.8,0.7,3.3,3.3,15.9
Anfernee Simons,SG,21,POR,64,0,1104,5.5,13.1,1.5,1.9,3.9,9.2,1.6,3.9,0.5,4.1,4.6,2.9,0.6,0.3,1.4,3.1,16.4
Deividas Sirvydis,SG,20,DET,20,0,133,3.8,10.8,0.8,1.6,2.7,7.6,1.1,3.2,0.0,7.8,7.8,1.4,0.5,0.0,1.4,2.4,11.1
Alen Smailagić,PF,20,GSW,15,1,84,4.7,11.6,0.9,2.6,1.7,4.3,3.0,7.3,2.6,4.3,6.9,1.7,1.3,2.1,2.1,4.7,12.0
,,,,,,,,,,,,,,,,,,,,,,,
Marcus Smart,PG,26,BOS,48,45,1581,4.6,11.6,2.9,3.7,2.1,6.4,2.5,5.2,0.8,3.0,3.8,6.2,1.6,0.5,2.2,2.9,14.3
Dennis Smith Jr.,PG,23,TOT,23,9,420,5.0,12.4,1.6,2.2,1.6,5.0,3.3,7.5,1.0,3.7,4.7,6.6,2.0,1.2,2.2,3.2,13.2
Dennis Smith Jr.,PG,23,NYK,3,0,28,2.6,12.9,6.4,7.7,0.0,5.1,2.6,7.7,0.0,2.6,2.6,3.9,3.9,0.0,1.3,5.1,11.6
Dennis Smith Jr.,PG,23,DET,20,9,392,5.1,12.4,1.3,1.8,1.7,5.0,3.4,7.4,1.1,3.8,4.9,6.8,1.8,1.3,2.3,3.0,13.3
Ish Smith,PG,32,WAS,44,1,924,5.0,11.6,0.7,1.3,0.7,1.9,4.3,9.7,0.9,5.0,5.8,6.7,1.2,0.5,1.6,2.4,11.5
Jalen Smith,PF,20,PHO,27,1,156,5.1,11.5,1.2,1.6,0.9,3.9,4.2,7.6,1.6,6.9,8.5,0.9,0.2,1.2,1.6,3.7,12.2
Tony Snell,SG,29,ATL,47,23,992,3.2,6.2,0.4,0.4,2.3,4.0,0.9,2.3,0.7,3.4,4.1,2.1,0.5,0.4,0.8,2.7,9.0
Ray Spalding,C,23,HOU,2,0,19,3.8,7.6,0.0,3.8,0.0,1.9,3.8,5.7,3.8,3.8,7.6,0.0,0.0,3.8,5.7,5.7,7.6
Cassius Stanley,SG,21,IND,24,0,93,5.0,16.6,2.7,3.5,1.2,5.0,3.9,11.6,3.1,4.6,7.7,0.4,0.4,0.8,0.4,5.4,13.9
Lamar Stevens,PF,23,CLE,40,0,499,4.5,9.8,2.7,3.7,0.3,1.8,4.2,8.0,1.7,5.2,6.9,1.8,1.2,0.9,1.7,3.8,11.9
Isaiah Stewart,C,19,DET,68,14,1455,5.6,10.1,1.6,2.3,0.5,1.6,5.1,8.6,3.9,7.3,11.2,1.5,1.0,2.1,1.7,4.6,13.3
Max Strus,SF,24,MIA,39,0,507,6.0,13.3,1.1,1.7,3.6,10.5,2.5,2.8,0.4,2.6,2.9,1.7,0.8,0.1,0.6,3.1,16.8
Edmond Sumner,SG,25,IND,53,24,861,6.2,11.8,2.8,3.5,1.5,3.7,4.7,8.1,0.8,3.2,3.9,2.0,1.4,0.4,2.1,3.7,16.7
Jae'Sean Tate,SF,25,HOU,70,58,2043,5.6,11.0,1.8,2.6,1.1,3.4,4.5,7.6,2.3,4.3,6.6,3.1,1.5,0.6,1.7,3.9,14.0
Jayson Tatum,SF,22,BOS,64,64,2290,9.5,20.7,4.6,5.3,2.9,7.6,6.6,13.1,0.8,6.6,7.4,4.3,1.2,0.5,2.7,1.9,26.6
Jeff Teague,PG,32,TOT,55,7,950,4.7,10.8,3.4,4.0,1.4,3.1,3.3,7.7,0.6,2.8,3.3,5.0,1.3,0.5,2.4,2.1,14.1
Jeff Teague,PG,32,BOS,34,5,616,4.6,11.0,3.0,3.6,1.5,3.3,3.0,7.7,0.6,2.7,3.3,4.3,1.5,0.4,2.3,2.5,13.6
Jeff Teague,PG,32,MIL,21,2,334,4.9,10.3,4.1,4.7,1.1,2.8,3.8,7.5,0.5,2.8,3.3,6.4,0.9,0.5,2.7,1.4,14.9
Garrett Temple,SG,34,CHI,56,25,1528,3.7,9.0,0.9,1.2,1.6,4.7,2.1,4.3,0.7,3.1,3.8,2.9,1.0,0.7,1.4,3.0,10.0
Tyrell Terry,PG,20,DAL,11,0,56,3.2,10.3,0.6,1.9,0.0,4.5,3.2,5.8,0.0,3.9,3.9,3.9,3.2,0.0,1.3,1.3,7.1
Daniel Theis,C,28,TOT,65,51,1601,5.7,10.5,1.7,2.5,1.1,3.4,4.6,7.1,2.1,5.9,8.0,2.4,0.9,1.3,1.5,3.8,14.1
Daniel Theis,C,28,BOS,42,37,1027,5.6,10.1,1.6,2.3,1.2,3.3,4.4,6.8,1.9,5.8,7.7,2.3,0.9,1.5,1.4,4.2,13.9
Daniel Theis,C,28,CHI,23,14,574,5.8,11.2,1.8,2.7,1.0,3.6,4.8,7.6,2.4,6.1,8.5,2.6,1.0,0.9,1.6,2.9,14.4
Brodric Thomas,SG,24,TOT,32,1,399,3.5,9.7,2.8,4.2,1.4,5.3,2.1,4.4,0.7,4.1,4.8,2.7,1.4,0.9,2.0,3.6,11.3
Brodric Thomas,SG,24,HOU,4,0,24,3.0,10.5,7.5,10.5,1.5,9.0,1.5,1.5,1.5,4.5,6.0,6.0,1.5,1.5,6.0,7.5,15.0
Brodric Thomas,SG,24,CLE,28,1,375,3.6,9.7,2.5,3.7,1.4,5.1,2.1,4.6,0.7,4.0,4.7,2.5,1.3,0.9,1.7,3.4,11.0
Isaiah Thomas,PG,31,NOP,3,0,48,6.8,20.3,1.5,1.5,2.3,9.0,4.5,11.3,0.7,2.3,3.0,3.7,0.7,0.0,4.5,2.3,17.2
Khyri Thomas,SG,24,HOU,5,2,153,7.5,15.5,2.1,2.1,2.1,6.4,5.4,9.2,1.6,2.6,4.2,5.9,2.1,1.4,1.4,1.9,19.3
,,,,,,,,,,,,,,,,,,,,,,,
Matt Thomas,SG,26,TOT,45,0,326,5.5,14.0,1.3,1.5,3.0,8.8,2.5,5.2,0.8,4.1,4.9,2.1,0.4,0.0,1.5,2.0,15.3
Matt Thomas,SG,26,TOR,26,0,192,4.5,11.6,1.1,1.3,3.2,7.7,1.3,3.9,0.6,3.4,3.9,1.7,0.4,0.0,1.1,1.9,13.3
Matt Thomas,SG,26,UTA,19,0,134,7.0,17.5,1.6,1.9,2.7,10.5,4.3,7.0,1.1,5.1,6.2,2.7,0.5,0.0,2.1,2.1,18.3
Tristan Thompson,PF,29,BOS,54,43,1287,4.7,9.1,2.0,3.4,0.0,0.1,4.7,9.0,4.7,7.6,12.3,1.9,0.7,0.9,1.7,3.3,11.4
Sindarius Thornwell,SG,26,TOT,21,1,217,2.5,7.6,0.7,1.3,1.2,3.8,1.3,3.8,0.5,2.5,3.0,3.5,2.2,0.3,1.2,2.5,6.8
Sindarius Thornwell,SG,26,NOP,14,1,73,3.5,10.4,0.0,1.0,1.5,4.4,2.0,5.9,0.5,2.0,2.5,2.0,2.5,0.5,2.0,1.5,8.4
Sindarius Thornwell,SG,26,ORL,7,0,144,2.0,6.2,1.0,1.5,1.0,3.5,1.0,2.7,0.5,2.7,3.2,4.2,2.0,0.2,0.7,3.0,6.0
Matisse Thybulle,SG,23,PHI,65,8,1298,2.8,6.7,0.2,0.5,1.2,4.0,1.6,2.8,0.8,2.6,3.4,1.7,2.9,2.0,0.9,3.5,7.1
Killian Tillie,C,22,MEM,18,1,182,3.8,11.3,1.8,2.2,2.0,6.5,1.8,4.7,1.2,3.6,4.7,1.6,1.0,1.6,0.4,4.0,11.3
Xavier Tillman Sr.,PF,22,MEM,59,12,1085,5.5,9.9,1.1,1.8,0.7,2.2,4.8,7.8,2.5,6.0,8.5,2.5,1.5,1.1,1.5,3.8,12.9
Anthony Tolliver,PF,35,PHI,11,0,99,1.5,6.2,1.8,2.2,1.5,5.1,0.0,1.1,1.1,2.5,3.6,0.7,1.1,0.7,1.1,2.5,6.2
Obi Toppin,PF,22,NYK,62,0,683,5.5,11.0,1.0,1.4,1.4,4.5,4.1,6.5,1.4,5.9,7.3,1.5,0.9,0.8,1.2,2.9,13.3
Juan Toscano-Anderson,SG,27,GSW,53,16,1107,3.9,6.8,0.7,1.0,1.2,3.0,2.7,3.8,0.9,6.7,7.6,4.9,1.3,0.8,2.0,3.6,9.8
Axel Toupane,SF,28,MIL,8,1,61,2.4,6.5,3.0,4.1,0.6,1.2,1.8,5.3,0.0,3.5,3.5,2.4,1.2,1.8,0.0,3.5,8.3
Karl-Anthony Towns,C,25,MIN,50,50,1689,9.1,18.7,5.7,6.6,2.6,6.7,6.5,11.9,2.8,8.4,11.3,4.8,0.8,1.2,3.4,4.0,26.4
Gary Trent Jr.,SG,22,TOT,58,38,1802,6.4,15.7,1.7,2.1,3.3,8.6,3.1,7.1,0.5,2.5,3.0,1.6,1.1,0.2,0.9,1.8,17.7
Gary Trent Jr.,SG,22,POR,41,23,1262,6.2,14.9,1.7,2.1,3.5,8.7,2.7,6.2,0.6,2.0,2.6,1.7,1.1,0.2,0.9,1.8,17.5
Gary Trent Jr.,SG,22,TOR,17,15,540,6.9,17.4,1.7,2.1,2.9,8.3,3.9,9.1,0.4,3.7,4.1,1.5,1.3,0.3,0.8,1.9,18.3
P.J. Tucker,PF,35,TOT,52,33,1356,1.8,4.7,0.6,0.7,1.1,3.2,0.7,1.5,1.4,4.1,5.4,1.6,1.0,0.5,1.1,3.3,5.1
P.J. Tucker,PF,35,HOU,32,32,959,1.8,4.9,0.7,0.9,1.0,3.2,0.8,1.7,1.2,4.3,5.6,1.7,1.1,0.7,1.2,3.4,5.3
P.J. Tucker,PF,35,MIL,20,1,397,1.6,4.2,0.3,0.5,1.2,3.0,0.5,1.2,1.6,3.4,5.1,1.5,0.9,0.2,0.6,3.1,4.7
Rayjon Tucker,PG,23,PHI,14,0,68,4.8,9.5,7.4,10.1,1.1,3.7,3.7,5.8,0.5,5.3,5.8,3.2,1.1,0.0,2.1,4.2,18.0
Myles Turner,C,24,IND,47,47,1455,5.1,10.7,2.7,3.5,1.7,5.1,3.4,5.6,1.6,6.0,7.6,1.2,1.0,3.9,1.7,4.1,14.6
Jonas Valančiūnas,C,28,MEM,62,61,1755,9.0,15.2,3.2,4.2,0.4,1.2,8.6,14.1,5.2,10.7,15.9,2.3,0.7,1.2,2.1,3.7,21.7
Denzel Valentine,SG,27,CHI,62,3,1036,5.4,14.5,0.6,0.6,2.8,8.4,2.6,6.0,0.8,6.0,6.8,3.6,1.0,0.2,1.5,2.4,14.1
Jarred Vanderbilt,PF,21,MIN,64,30,1139,4.5,7.5,1.8,3.2,0.0,0.2,4.5,7.3,3.7,7.9,11.6,2.4,2.0,1.5,1.7,3.9,10.9
Fred VanVleet,SG,26,TOR,52,52,1899,6.4,16.5,3.2,3.6,3.3,9.0,3.1,7.5,0.6,3.6,4.2,6.2,1.6,0.7,1.8,2.3,19.3
Anderson Varejão,C,38,CLE,5,0,36,4.0,16.0,5.0,9.0,0.0,1.0,4.0,15.0,7.0,13.0,20.0,3.0,0.0,2.0,1.0,3.0,13.0
,,,,,,,,,,,,,,,,,,,,,,,
Devin Vassell,SF,20,SAS,62,7,1056,4.2,10.3,1.5,1.7,1.8,5.1,2.4,5.2,0.8,5.1,5.9,1.9,1.5,0.6,0.7,3.0,11.6
Gabe Vincent,PG,24,MIA,50,7,655,4.8,12.8,1.1,1.3,2.5,8.2,2.3,4.6,0.5,2.5,3.1,3.7,1.2,0.1,1.9,4.3,13.3
Noah Vonleh,PF,25,BRK,4,0,11,0.0,9.8,0.0,0.0,0.0,6.5,0.0,3.3,0.0,3.3,3.3,3.3,0.0,0.0,6.5,6.5,0.0
Nikola Vučević,C,30,TOT,70,70,2348,10.2,21.4,2.0,2.4,2.7,6.7,7.5,14.7,2.2,10.3,12.5,4.1,1.0,0.7,1.9,2.1,25.1
Nikola Vučević,C,30,ORL,44,44,1500,10.5,21.8,2.2,2.6,2.8,6.9,7.7,14.9,2.1,10.3,12.4,4.0,1.0,0.7,2.0,1.9,25.9
Nikola Vučević,C,30,CHI,26,26,848,9.8,20.7,1.7,2.0,2.5,6.5,7.3,14.3,2.5,10.2,12.7,4.3,1.0,0.8,1.8,2.5,23.7
Dean Wade,PF,24,CLE,63,19,1212,4.0,9.2,0.9,1.2,2.3,6.3,1.7,2.9,1.1,5.3,6.4,2.2,1.0,0.6,0.9,2.3,11.2
Moritz Wagner,C,23,TOT,45,24,722,5.2,11.4,3.5,4.3,1.5,4.5,3.6,6.9,1.3,5.9,7.3,2.5,1.3,0.9,2.1,5.4,15.5
Moritz Wagner,C,23,WAS,25,13,375,6.0,11.7,3.9,5.0,1.2,4.0,4.7,7.7,1.2,5.8,7.0,3.1,2.1,0.8,2.0,6.0,17.1
Moritz Wagner,C,23,BOS,9,1,61,2.4,8.3,0.6,1.2,1.2,3.5,1.2,4.7,1.8,9.4,11.2,3.5,0.0,0.6,5.3,5.9,6.5
Moritz Wagner,C,23,ORL,11,10,286,4.8,11.7,3.7,4.2,2.0,5.4,2.8,6.3,1.4,5.4,6.8,1.5,0.5,1.1,1.6,4.5,15.2
Kemba Walker,PG,30,BOS,43,43,1369,7.5,17.8,3.5,3.9,3.3,9.3,4.1,8.5,0.4,4.0,4.5,5.6,1.3,0.3,2.3,1.6,21.8
Lonnie Walker,SG,22,SAS,60,38,1522,6.1,14.4,1.3,1.7,2.4,6.7,3.7,7.7,0.3,3.3,3.7,2.4,0.7,0.4,1.5,2.4,15.8
John Wall,PG,30,HOU,40,40,1288,8.2,20.3,4.4,5.9,2.2,7.0,6.0,13.3,0.5,3.1,3.6,7.7,1.2,0.9,3.9,1.3,23.0
Brad Wanamaker,PG,31,TOT,61,0,1053,3.9,10.2,3.1,3.5,0.5,2.9,3.4,7.3,0.6,3.0,3.6,5.9,1.5,0.4,2.4,3.2,11.5
Brad Wanamaker,PG,31,GSW,39,0,625,3.5,10.0,2.9,3.2,0.7,3.5,2.8,6.5,0.5,3.3,3.8,5.7,1.5,0.3,2.1,3.2,10.7
Brad Wanamaker,PG,31,CHO,22,0,428,4.5,10.6,3.4,3.8,0.3,2.0,4.3,8.6,0.8,2.4,3.3,6.3,1.4,0.4,2.9,3.3,12.7
T.J. Warren,SF,27,IND,4,4,117,8.3,15.7,2.5,3.1,0.0,2.2,8.3,13.5,0.6,3.7,4.3,1.5,0.6,0.0,1.2,4.9,19.1
P.J. Washington,PF,22,CHO,64,61,1954,5.6,12.6,2.0,2.7,2.1,5.3,3.5,7.3,1.7,6.0,7.7,3.0,1.3,1.5,2.4,3.2,15.2
Yuta Watanabe,SF,26,TOR,50,4,723,3.9,9.0,1.2,1.4,1.8,4.5,2.1,4.5,1.8,6.1,7.9,2.0,1.3,0.9,0.9,2.8,10.9
Tremont Waters,PG,23,BOS,26,3,238,5.1,12.7,2.4,2.6,2.3,5.7,2.9,7.0,0.8,2.4,3.2,9.4,2.3,0.2,4.1,2.6,15.0
Paul Watson,SF,26,TOR,27,2,297,4.6,9.9,0.6,1.0,3.6,7.8,1.0,2.2,0.5,5.0,5.5,2.1,0.7,0.4,1.1,4.4,13.5
Quinndary Weatherspoon,SG,24,SAS,20,0,121,4.8,10.4,3.9,4.8,0.3,1.8,4.5,8.6,0.9,2.4,3.3,2.4,2.4,0.6,3.0,5.4,13.7
Russell Westbrook,PG,32,WAS,65,65,2369,8.3,18.8,4.1,6.3,1.3,4.1,7.0,14.7,1.7,9.7,11.4,11.6,1.4,0.3,4.7,2.9,22.0
Coby White,PG,20,CHI,69,54,2156,6.3,15.1,2.1,2.4,2.7,7.6,3.5,7.5,0.5,4.3,4.7,5.5,0.6,0.3,2.6,3.0,17.4
Derrick White,SG,26,SAS,36,32,1064,6.3,15.3,3.3,3.9,2.8,8.2,3.5,7.1,0.4,3.2,3.6,4.3,0.9,1.2,1.5,3.1,18.7
Hassan Whiteside,C,31,SAC,36,4,546,8.3,14.8,2.7,5.2,0.0,0.1,8.3,14.7,4.0,10.2,14.2,1.3,0.6,3.0,2.6,4.8,19.3
,,,,,,,,,,,,,,,,,,,,,,,
Greg Whittington,PF,27,DEN,4,0,12,0.0,9.0,0.0,0.0,0.0,6.0,0.0,3.0,0.0,0.0,0.0,0.0,0.0,0.0,0.0,0.0,0.0
Andrew Wiggins,PF,25,GSW,71,71,2364,7.7,16.1,2.6,3.6,2.1,5.6,5.6,10.5,1.2,4.0,5.3,2.5,1.0,1.1,1.9,2.4,20.1
Grant Williams,PF,22,BOS,63,9,1138,3.4,7.8,0.9,1.6,1.5,4.1,1.9,3.7,1.5,4.1,5.6,2.0,1.0,0.8,1.8,5.1,9.3
Kenrich Williams,PF,26,OKC,66,13,1426,5.5,10.4,0.9,1.6,1.3,3.0,4.2,7.4,2.1,4.8,6.9,3.8,1.4,0.4,1.9,3.6,13.3
Lou Williams,PG,34,TOT,66,4,1423,6.7,16.3,3.8,4.4,1.7,4.4,5.0,12.0,0.5,3.0,3.5,5.7,1.2,0.2,2.7,1.6,18.9
Lou Williams,PG,34,LAC,42,3,918,7.1,16.9,4.0,4.7,1.8,4.7,5.3,12.2,0.6,2.9,3.5,5.6,1.5,0.2,2.6,1.6,20.0
Lou Williams,PG,34,ATL,24,1,505,6.0,15.4,3.4,3.8,1.7,3.8,4.3,11.5,0.4,3.1,3.6,5.8,0.6,0.1,3.0,1.4,17.0
Patrick Williams,PF,19,CHI,71,71,1983,4.6,9.6,1.7,2.3,1.0,2.5,3.6,7.1,1.2,4.7,5.9,1.8,1.2,0.8,1.8,2.3,11.9
Robert Williams,C,23,BOS,52,13,985,6.8,9.4,1.6,2.7,0.0,0.1,6.8,9.4,4.9,8.2,13.1,3.4,1.6,3.3,1.9,3.8,15.2
Zion Williamson,PF,20,NOP,61,61,2026,11.3,18.4,6.6,9.4,0.2,0.6,11.1,17.8,3.0,4.9,7.8,4.0,1.0,0.7,3.0,2.4,29.3
D.J. Wilson,PF,24,TOT,35,1,433,5.7,14.0,1.4,2.1,2.5,7.2,3.2,6.7,1.7,7.6,9.3,1.9,0.9,1.3,1.8,3.7,15.2
D.J. Wilson,PF,24,MIL,12,0,105,5.5,14.7,0.3,0.7,3.4,9.6,2.1,5.1,1.0,7.5,8.6,1.0,0.3,1.4,1.4,4.5,14.7
D.J. Wilson,PF,24,HOU,23,1,328,5.7,13.7,1.8,2.5,2.2,6.5,3.5,7.2,1.9,7.7,9.5,2.2,1.1,1.3,2.0,3.4,15.4
Dylan Windler,SF,24,CLE,31,0,513,4.0,9.1,1.5,1.9,1.8,5.4,2.2,3.7,1.4,6.1,7.5,2.3,1.3,0.8,2.2,2.6,11.3
Justise Winslow,SF,24,MEM,26,1,507,5.3,14.9,1.4,2.5,0.7,3.8,4.5,11.1,1.3,7.1,8.4,3.6,1.1,0.9,2.6,3.3,12.6
Cassius Winston,PG,22,WAS,22,0,98,5.1,12.1,1.8,2.2,2.9,6.2,2.2,5.9,0.0,3.3,3.3,4.4,0.7,0.4,1.8,2.9,15.1
James Wiseman,C,19,GSW,39,27,836,8.2,15.8,2.3,3.7,0.5,1.6,7.7,14.2,2.4,7.4,9.7,1.1,0.5,1.6,2.6,5.2,19.3
Christian Wood,C,25,HOU,41,41,1326,8.9,17.4,3.4,5.4,2.1,5.6,6.8,11.8,2.1,8.7,10.7,1.9,0.9,1.3,2.2,2.4,23.3
Robert Woodard,SF,21,SAC,13,0,45,6.4,16.0,2.4,6.4,0.8,4.8,5.6,11.2,3.2,9.6,12.8,1.6,0.0,2.4,0.8,3.2,16.0
Delon Wright,SG-PG,28,TOT,63,39,1748,4.9,10.7,2.1,2.6,1.3,3.5,3.6,7.1,1.3,4.2,5.5,5.7,2.1,0.6,1.7,1.5,13.3
Delon Wright,SG,28,DET,36,31,1052,4.7,10.0,2.4,3.1,1.1,3.0,3.6,7.0,1.3,4.3,5.6,6.2,2.0,0.7,1.6,1.5,12.8
Delon Wright,PG,28,SAC,27,8,696,5.4,11.6,1.6,1.9,1.7,4.3,3.7,7.3,1.4,4.0,5.4,5.0,2.2,0.6,1.8,1.6,14.0
Thaddeus Young,PF,32,CHI,68,23,1652,8.1,14.4,1.5,2.5,0.3,1.0,7.8,13.4,3.7,5.6,9.2,6.3,1.6,0.9,3.0,3.3,17.9
Trae Young,PG,22,ATL,63,63,2125,8.3,18.8,8.2,9.2,2.3,6.7,5.9,12.1,0.6,3.5,4.2,10.1,0.9,0.2,4.4,1.9,27.0
Cody Zeller,C,28,CHO,48,21,1005,6.5,11.6,3.0,4.3,0.1,1.0,6.3,10.6,4.3,7.5,11.7,3.1,1.0,0.6,1.8,4.3,16.2
Ivica Zubac,C,23,LAC,72,33,1609,5.8,8.8,3.0,3.8,0.0,0.1,5.7,8.7,4.2,7.4,11.6,2.0,0.5,1.4,1.8,4.2,14.5
